"sku","fnsku","asin","product-name","condition","your-price","mfn-listing-exists","mfn-fulfillable-quantity","afn-listing-exists","afn-warehouse-quantity","afn-fulfillable-quantity","afn-unsellable-quantity","afn-reserved-quantity","afn-total-quantity","per-unit-volume","afn-inbound-working-quantity","afn-inbound-shipped-quantity","afn-inbound-receiving-quantity","afn-researching-quantity","afn-reserved-future-supply","afn-future-supply-buyable","store"
"FBA75673","X001L46QAP","B0B4DPX2J2","Audio Array AM-C1 USB Condenser Microphone Kit | 192kHz/24bit | 20-20KHz | 16mm Diaphram | BoomArm,Pop Filter, Mic Cover, Shock Mount,Tripod & 2.5M USB Cable | Podcasting,Gaming & Singing","New","2779.00","No",,"Yes","51","39","2","4","51","7540.51","0","0","0","6","0","0",
"FBA75674","X001L4QVU5","B0B4G19R58","Audio Array AM-C2 XLR Condenser Microphone Kit | Boom Arm, 2M Cable, Pop Filter & Mic Cover | Compatible with Audio Interface, Mixer & preamp | Recording, Podcasting, Streaming, Home Studio (Black)","New","3999.00","No",,"Yes","14","11","0","3","14","12496.61","0","0","0","0","0","0",
"FBA75675","X001L4RWFN","B0B4G8ZB64","Audio Array AM-C3 XLR to TRS Dynamic Handheld Karaoke Microphone | Premium Metal Built with 3M Cable | Singing, Public Meetings, Studio Recording, Live Show, Party, Church, Wedding","New","899.00","No",,"Yes","27","27","0","0","27","1861.57","0","0","0","0","0","0",
"FBA75676","X001L4B62N","B0B4DS678Q","Audio Array AM-C4 USB Plug & Play Condenser Microphone with Tripod, Pop-Filter & Shock Mount | for Conference, Gaming, Podcasting, Voice Over, YouTube, Skype, Zoom & Live Streaming on iOS,Windows","New","1999.00","No",,"Yes","17","17","0","0","17","3530.1","0","0","0","0","0","0",
"FBA75677","X001L5ZA2J","B0B4KC7VBM","Audio Array AM-C5 USB Plug & Play Conference Mic for Mac OS & Windows | Conference, Recording, Skype, Online Class with Range Upto 5M | One Touch Mute Button & Light Indicator (NOT A Speaker)","New","2349.00","No",,"Yes","49","49","0","0","49","2202.26","0","0","0","0","0","0",
"FBA75678","X001L4X3H9","B0B4G8PH2P","Audio Array AA-01 Suspension Boom Scissor Microphone Stand | Double Layer Mesh Pop Filter | 70cm Sturdy Boom Arm with 1.8kg Capacity | 5/8"" to 3/8"" Screw Adapter | Mic Holder, Foam Cover, Cable Ties","New","2149.00","No",,"Yes","20","20","0","0","20","7223.25","0","0","0","0","0","0",
"FBA75679","X001L5GHUN","B0B4JRQP22","Audio Array AA-02 3-Panel Curved Isolation Shield with Insulation, Absorption & Reflection Filter | 3/8"" and 5/8"" Universal Mic Mount for Recording Studio, Podcasts, Singing & Broadcasting","New","2499.00","No",,"Yes","74","73","0","1","74","10111.64","0","0","0","0","0","0",
"FBA75680","X001L4N6P3","B0B4G1PXWV","Audio Array AM-C6 USB Plug & Play Condenser Microphone Kit | with pop-Filter & Shock Mount | 3.5 mm No Latency Monitoring, Volume Control & Mute Button | Gaming, Podcasting & Streaming","New","1999.00","No",,"Yes","5","5","0","0","5","2223.89","0","0","0","0","0","0",
"FBA75681","X001L4O3UP","B0B4FZS38V","Audio Array AM-C7 USB 2 in 1 Plug & Play Condenser Microphone Kit with Boom Arm | 3.5 mm No Latency Monitoring, Volume Control & Mute Button| for Conference, Gaming, Podcasting & Live Streaming","New","2199.00","No",,"Yes","17","16","0","1","17","4850.57","0","0","0","0","0","0",
"FBA75683","X001L4TMU1","B0B4G94VP3","Audio Array AA-03 Double Layer Professional Pop Filter | Flexible 360° Free Angle Adjustable, Durable Windshield | Metal Gooseneck Stabilizing Arm Holder with 32cm Arm Length | Suitable for Recording.","New","499.00","No",,"Yes","17","15","0","2","17","1326.7","0","0","0","0","0","0",
"FBA75684","X001L4RK0P","B0B4G7VWXD","Audio Array AA-04 Metal Spider Shock Mount for Condenser Microphone | Anti Vibration, Suspension, Isolation | 4 Size Bottom Screws & Extra Replacement Elastic Bands | Recommended For Rode, Samson, etc","New","1749.00","No",,"Yes","16","15","0","1","16","2578.67","0","0","0","0","0","0",
"FBA75686","X001L4TA53","B0B4G89VQJ","Audio Array AM-W10 Professional Dual Wireless Lapel Mics | Upto 10hr Battery & 100m Range | 2X Lapel mics, Type C Adapter for Easy Plug&Play | Volume & Mute Function | Vlogging, Streaming, YouTube","New","4015.00","No",,"Yes","1","0","1","0","1","1360.62","0","0","0","0","0","0",
"FBA75687","X001L4RF0P","B0B4G5ZLTB","Audio Array AM-W11 Wireless Mic | Upto 4hr Battery & 60m Range | Volume & Mute Buttons with Indicators | Streaming, Vlogging, YouTube | 1x Lapel mic, Type C Adapter for Plug & Play | 2 Year Warranty","New","2299.00","No",,"Yes","6","6","0","0","6","683.01","0","0","0","0","0","0",
"FBA75688","X001L4SCDJ","B0B4G763WS","Audio Array AM-W12 UHF Dual Wireless Premium Metal Microphones | 4+ Hours Receiver Battery Backup | Range up to 60M | Karaoke Singing, Wedding, DJ, Church | PA System, Amplifier, Mixer, Party Box, etc","New","3999.00","No",,"Yes","69","68","0","0","69","3361.97","0","0","0","1","0","0",
"FBA75689","X001L4PS8L","B0B4G59Y8W","Audio Array AM-W13 UHF Wireless Premium Metal Microphone | 4+ Hours Receiver Battery Backup | Range up to 60m | Karaoke Singing, Wedding, DJ | Compatible with PA System, Amplifier, Mixer, Party Box","New","1999.00","No",,"Yes","24","22","0","2","24","2353.35","0","0","0","0","0","0",
"FBA75690","X001L5V8HP","B0B4K87PR4","Audio Array AM-C10 USB Plug & Play Conference Microphone with Speaker | Omni Directional Pickup Upto 4M | Speaker and Mic Mute Buttons | Volume Control & Mute Button | Ideal for Meeting & Video Call","New","3999.00","No",,"Yes","2","2","0","0","2","932.92","0","0","0","0","0","0",
"FBA75691","X001L4SEBT","B0B4G5JG4P","Audio Array AM-W14 UHF Dual Wireless Premium Metal Microphone | 2X XLR Outs & 1/4"" Mix Out | Range up to 200ft/60m | Karaoke Singing, Wedding, DJ, Church | PA System, Amplifier, Mixer, Party Box","New","6499.00","No",,"Yes","19","17","0","2","27","7017.27","0","8","0","0","0","0",
"FBA75692","X001L9B0K1","B0B4G1HPL5","Audio Array AM-C11 XLR/USB Dynamic Podcast Microphone | Built-in Monitoring | One Touch Mute and Volume Control | Premium Metal Build | 2M XLR & USB Cable | Streaming, Gaming, Podcasting, Singing","New","4799.00","No",,"Yes","4","4","0","0","4","3390.98","0","0","0","0","0","0",
"FBA76414","X001NY6AGX","B0BLJVJ2GN","Audio Array AA-05 Suspension Boom Scissor Microphone Arm Stand | Universal clamp with mic Holder & 3/8″ to 5/8″ Adapter for Shock mounts | Suitable for Stages, Studios, Broadcasting, TV Stations","New","649.00","No",,"Yes","80","80","0","0","80","2222.74","0","0","0","0","0","0",
"FBA76597","X001ORW383","B0BQ7H7418","Audio Array AA-06 Microphone Boom Arm with 35cm+35cm=70cm Adjustable Suspension Scissor Arm Stand, Shock Mount, Base Clamp, Pop-Filter, 3/8"" to 5/8"" Universal Screw Adapter, 4x Cable Ties","New","1329.00","No",,"Yes","21","21","0","0","21","4782.24","0","0","0","0","0","0",
"FBA76716","X001NY6UL3","B0BLK8DNPD","Audio Array AM-C13 Condenser Lapel Microphone | 6M Shielded Cable | Metal Build | Plug n Play Mobile & DSLR Support | 3.5mm Connector | Omnidirectional Pickup | Hard Case Included | 1 Year Warranty.","New","599.00","No",,"Yes","11","11","0","0","11","405.25","0","0","0","0","0","0",
"FBA76721","X001NYWH79","B0BLKB55BM","Audio Array AM-C18 Vlogging Kit 6 in 1 Combo | 3.5mm Shotgun Mic with shockmount & LED Light Tripod Stand for Smartphones & Camera | Upto 3Hrs Battery Life | for Vlogging, Live Streaming, YouTube","New","2470.00","No",,"Yes","0","0","0","0","0","4359.45","0","0","0","0","0","0",
"FBA76723","X001NYWHQ5","B0BLKF46QG","Audio Array AM-C20 USB Microphone | Unique Tilt Stand & one Touch Mute | Plug n Play, No Latency Cardioid Pickup | for PC, Smartphones, iOS | Gaming, Streaming, Podcasts, Twitch, YouTube, Discord","New","1349.00","No",,"Yes","8","8","0","0","8","1699.99","0","0","0","0","0","0",
"FBA76725","X001NYWHI3","B0BLKCSJ7Z","Audio Array AM-C22 RGB USB Microphone with stand | One touch Mute Button, Easy Volume Control & Headphone Jack for monitoring | Singing, Streaming, Gaming, Podcasting | PC, Mac","New","1499.00","No",,"Yes","0","0","0","0","0","1685.41","0","0","0","0","0","0",
"FBA76727","X001NYWLPR","B0BLKCDRNB","Audio Array AM-C24 USB Plug & Play Retro Microphone Kit | No Latency Monitoring & Volume Control Knob | Gaming, Streaming, Podcast, Singing, Discord, Zoom Meeting, YouTube | Laptop, PC, Smartphones","New","1646.00","No",,"Yes","0","0","0","0","0","2795.96","0","0","0","0","0","0",
"FBA76728","X001NYXDA9","B0BLNCP74M","Audio Array AM-C25 Premium USB Condenser Microphone Kit with Boom Arm & Pop-Filter | No Latency Headphone Monitoring, Volume Control & Mute Button | Discord, Valorant, Gaming, Podcasting & Streaming","New","2199.00","No",,"Yes","1","1","0","0","1","6188.41","0","0","0","0","0","0",
"FBA76730","X001NYWF2B","B0BLKB6FRR","Audio Array AM-C27 XLR to TRS Cardioid Dynamic Handheld Microphone Sound for Live Events | Premium Built with 4.5M Cable | Singing, Public Meetings, Studio Recording, Live Sound, Party","New","1399.00","No",,"Yes","3","3","0","0","3","2524.43","0","0","0","0","0","0",
"FBA76737","X001S4KSO3","B0C59G1C4N","Audio Array AA-10 Heavy Duty Springless Microphone Arm Stand | 50cm+50cm=100cm length with 1.8kg Capacity for stability | Non-rebound arm along with multi-angle adjustment | 5/8"" - 3/8"" Screw Adapter","New","3299.00","No",,"Yes","0","0","0","0","0","7742.4","0","0","0","0","0","0",
"FBA76742","X001NY39F3","B0BLKBJ5HN","Audio Array AM-K1 Instrument Drum Microphone Kit | Stage Performance & Professional Studio Recording Quality | 1 Kick Drum Mic, 2 Tom Mics, 2 Overhead Condenser Mics with Standard Mounting Accessories","New","9999.00","No",,"Yes","0","0","0","0","0","7430.39","0","0","0","0","0","0",
"FBA76862","X001ON74I1","B0BPLWW72Y","Audio Array AM-C28 USB Plug & Play Conference Microphone | Omni Directional Pickup Upto 3M | Mic Mute Button | No Drivers Condenser USB Type-C | Ideal for Meetings & Video Calling (Not a Speaker)","New","1595.00","No",,"Yes","25","25","0","0","25","491.28","0","0","0","0","0","0",
"FBA76863","X001ONEISF","B0BPM2T7BQ","Audio Array AI-03 Professional Sound Card with Bluetooth | Podcast Production Setup with 4 mic input & 4 outputs | +48V phantom power, PC/Mac connectivity | 6-8hr Battery | Streaming, Singing & Gaming","New","3899.00","No",,"Yes","36","36","0","0","51","4232.78","0","15","0","0","0","0",
"FBA76864","X001OND4NP","B0BPLZ5CGV","Audio Array AI-04 2x2 Gen 3 Audio Interface | Premium Mic Pre-Amps | 48V Phantom Power | 24bit/192kHz Hi-Fi Recording | XLR/MIC/LINE inputs | Plug & Play-No Drivers | 2 in 3 out | Metal Body | Red","New","4891.00","No",,"Yes","10","4","1","5","70","2597.35","30","0","30","0","0","0",
"FBA77011","X001ONOTQB","B0BPMN89NG","Audio Array AM-C29 4 Pickup Pattern Professional USB Plug & Play Condenser Microphone | 3.5 mm No Latency Monitoring, Volume Control & Mute Button | For Conference, Gaming, Podcasting & Live Streaming","New","2199.00","No",,"Yes","5","5","0","0","5","3239.72","0","0","0","0","0","0",
"FBA77171","X001W3B0XX","B0CH4VCD6R","Audio Array AC-6XL Mic Cable 6.35mm Jack Male to XLR 3PIN Female Cord Wire | Microphone/Guitar Cable | Black, 1pc Pack (6 Meter/19.6 Feet)","New","579.00","No",,"Yes","32","28","0","4","32","2346.63","0","0","0","0","0","0",
"FBA78203","X001S25SQ3","B0C4YTNJG7","Audio Array AM-C30 Metal RGB Professional USB Microphone | One-Touch Mute, Gain & No-Latency Monitoring Controls | Shock Mount and Tripod | for PC/Mobile, Gaming, Streaming, Podcasting & Voiceover","New","1999.00","No",,"Yes","2","2","0","0","2","4927.75","0","0","0","0","0","0",
"FBA78204","X001S25AE3","B0C4YT43Z3","Audio Array AM-C31 USB Plug & Play Condenser Microphone Kit | Pop-Filter & Metallic Base | 3.5 mm No Latency Monitoring, Volume Control & Mute Button | for PC/Mobile, Gaming, Podcasting & Streaming","New","2264.00","No",,"Yes","0","0","0","0","0","4323.07","0","0","0","0","0","0",
"FBA78206","X001S2090N","B0C4YSV3XL","Audio Array AM-W15 Dual Wireless Mic with Charging Case | Upto 16hr Battery Backup & 100m Range | Active Noise Cancellation | Informative LCD Screen | BIS & WPC Certified | 2 Yr Warranty","New","5490.00","No",,"Yes","1","1","0","0","1","1286.55","0","0","0","0","0","0",
"FBA78420","X001S4I8HR","B0C5957W3P","Audio Array AM-C33 Lapel Microphone | 1M Long, Strong Cable | 3.5mm TRRS | 3.5mm TRRS Port & TRRS to TRS Adapter | Omnidirectional Pickup | Mic Cover & Leather Carry Bag Included | 1 Year Warranty","New","449.00","No",,"Yes","2","2","0","0","22","411.81","10","0","10","0","0","0",
"FBA78424","X001S3K9FH","B0C55MY66L","Audio Array AM-C37 Premium USB/XLR Dynamic Podcast Microphone | Volume, Mute Controls & Headphone Monitoring | Premium Metal Build | 2 Meter USB Cable Included | 96kHz/24bit Studio Performance","New","3809.00","No",,"Yes","1","1","0","0","1","2706.65","0","0","0","0","0","0",
"FBA78925","X001TCEDFJ","B0CBC7QMNV","Audio Array AM-C11X XLR Dynamic Microphone | Studio-quality Audio Output | Cardioid Polar Pattern | Premium Metal Build | 2 Meter XLR cable | for Streaming, Gaming, Podcasting, Singing | 2 Yr Warranty","New","3649.00","No",,"Yes","42","42","0","0","42","3323.3","0","0","0","0","0","0",
"FBA78960","X001TCICGF","B0CBCB82MT","Audio Array AM-C39 XLR to 3.5mm Condenser Microphone Kit | Tripod, 2M Cable & Foam Filter | Compatible with Audio Interface, Mixer | Recording, Podcast, Streaming, Home Studio (Black)","New","1699.00","No",,"Yes","18","18","0","0","18","3006.37","0","0","0","0","0","0",
"FBA78961","X001TCAHLX","B0CBCB9S14","Audio Array AM-C40 Large Diaphragm USB Condenser Microphone Kit | Boom Arm & Pop-Filter | 96kHz/24bit No Latency Headphone Monitoring with Mute & Volume Control Knob | Singing, Podcasting & Streaming","New","2499.00","No",,"Yes","8","8","0","0","8","10052.81","0","0","0","0","0","0",
"FBA78973","X001U5HJM9","B0CF5R3V95","Audio Array AA-19 2in1 High & Low Profile Mic Stand | 71cm reach | Premium Metal design with Built In Cable Management | Flexible Position adjustments | 2Kg Weight Capacity |5/8"" to 3/8"" Screw Adapter","New","3912.00","No",,"Yes","26","25","1","0","26","4035.15","0","0","0","0","0","0",
"FBA78974","X001U5MO7J","B0CF5RRTDJ","Audio Array AA-20 Microphone Arm Stand | 81cm Reach | Premium light weight & slick design | Flexible height & position adjustments | 1kg Weight Capacity | 5/8"" to 3/8"" Screw Adapter | Cable Ties","New","2099.00","No",,"Yes","14","11","1","0","14","7615.07","0","0","0","2","0","0",
"FBA78975","X001U5OWKB","B0CF5TCQKL","Audio Array AA-21 Desktop Mount Speaker Stands | 15KG Capacity | Height, Tilt & Rotation Adjustable | Smart Cable Management | for Sound Editing, Gaming, Music Production | Black (Set of 2)","New","3861.00","No",,"Yes","23","23","0","0","23","8456.22","0","0","0","0","0","0",
"FBA78976","X001U5NKVD","B0CF5SHL15","Audio Array AA-22 Desktop Mount Speaker Stands | 15KG Capacity | Height, Tilt & Rotation Adjustable | Smart Cable Management | for Sound Editing, Gaming, Music Production | Red (Set of 2)","New","3809.00","No",,"Yes","17","17","0","0","17","8489.32","0","0","0","0","0","0",
"FBA79005","X001VS0O1X","B0CKHVHVQ1","Audio Array AM-W45 Wireless Conference Microphone with Speaker | Bluetooth, USB & 4 Mics | 360° Pickup Upto 4M | Noise Reduction & Enhanced Voice | Portable Speakerphone for Video Calls/Zoom Meeting","New","5099.00","No",,"Yes","49","48","0","1","79","1957.11","0","30","0","0","0","0",
"FBA79008","X001W3B0Y7","B0CH4RT4P8","Audio Array AI-06 Streaming Audio Mixer Sound Card | XLR, 1/4"" & line in | PC/Phone RGB Mixer with Volume Fader, Individual Control, Mute and Monitoring, 48V Phantom Power | Stream, Podcast & Karaoke","New","3499.00","No",,"Yes","7","7","0","0","7","2870.85","0","0","0","0","0","0",
"FBA79009","X001WPK8E3","B0CH4PMR8K","Audio Array AM-C41 Plug & Play AI Noise Cancellation USB Condenser Microphone | Mute Button/Echo/Volume Knob | Kit with Tripod, Mic Cover | Gaming, Streaming, Podcast | Mac/PC/Laptop/Mobile","New","1649.00","No",,"Yes","18","17","1","0","18","3151.23","0","0","0","0","0","0",
"FBA79010","X001VTH195","B0CH4T2BJD","Audio Array AM-C42 Plug & Play AI Noise Cancelling USB Condenser Microphone | Mute Button/Echo/Volume Knob | Kit with Boom Arm & Pop Filter | Karaoke, Gaming, Streaming, Podcast | Mac/PC/Mobile","New","2399.00","No",,"Yes","27","26","1","0","27","6401.77","0","0","0","0","0","0",
"FBA79011","X001WPMAGH","B0CH4RNWJX","Audio Array AM-C43 XLR to 3.5mm Professional Condenser Microphone Kit | Boom Arm, 2M Cable & Foam Filter | Compatible with Audio Interface, Mixer | Recording, Podcast, Streaming, Home Studio (Black)","New","2499.00","No",,"Yes","36","36","0","0","36","6422.25","0","0","0","0","0","0",
"FBA79016","X001W38WK7","B0CH4R1V6S","Audio Array AM-C3a Unidirectional Dynamic Handheld Karaoke Microphone | 20Hz - 20kHz Response | Karaoke Singing, Public Meetings, Studio Recording, Live Sound, Party (no Cable Included)","New","749.00","No",,"Yes","59","56","0","3","59","1932.36","0","0","0","0","0","0",
"FBA79064","X001VJP5O3","B0CJR76Y7G","Audio Array AA-25 Handheld Microphone Interview Adapter for Wireless Lapel Microphones | Supports, Rode Go, DJI, Hollyland mics etc | Foam Cover with Built-in Cold Shoe Mount","New","799.00","No",,"Yes","11","11","0","0","11","1475.82","0","0","0","0","0","0",
"FBA79070","X001W4NP53","B0CLH7G5WH","Audio Array AI-02 2x2 Premium Audio Interface | Superior Midas Mic Pre-Amps | 48V Phantom Power | USB Bus 3.0 Ultra Low Latency | XLR/LINE inputs | Plug & Play-No Drivers | Metal Body | Metallic Red","New","7149.00","No",,"Yes","0","0","0","0","0","2013.15","0","0","0","0","0","0",
"FBA79103","X001WCVVQP","B0CM6NTWBP","Audio Array AI-10 Professional Live Soundcard|1Ch Mixer |Bluetooth | 3 Condenser Mic Inputs, 2 mobilephones & PC/Mac Outputs | +48V phantom power, 4 Voice Modes, Denoise, built-in FX | Gaming, Karaoke","New","3346.00","No",,"Yes","82","82","0","0","82","2163.09","0","0","0","0","0","0",
"FBA79104","X001WCM3KN","B0CM6NVLT9","Audio Array AI-11 USB Bluetooth Soundcard, 1Ch Mixer, Audio Interface | 2 Condenser In, 2 Out |2 Live Out+1 Accompany In | OTG for mobile and PC/MAC | Effects | Streaming, Podcasting, Gaming, Singing","New","1595.00","No",,"Yes","66","65","0","1","66","1327.84","0","0","0","0","0","0",
"FBA79105","X001WD2Z5F","B0CM6WH4ZT","Audio Array AI-12 USB Bluetooth Soundcard | 1Ch Mixer interface | 2 mic inputs, 2 smartphone & PC/Mac outputs | Karaoke Recording, Mobile/PC Streaming, Live Broadcasting | Singing, Recording,Gaming","New","1492.00","No",,"Yes","22","1","1","20","22","1120.55","0","0","0","0","0","0",
"FBA79106","X001WDN2PH","B0CM9KJZWQ","Audio Array AM-C44 XLR/USB Professional Dynamic Podcast Microphone | Built-in Monitoring | One Touch Mute & Volume Control | 192kHz/24bit Full Metal Build | 2M XLR & USB Cable | Streaming, Podcasting","New","4799.00","No",,"Yes","13","13","0","0","13","3257.42","0","0","0","0","0","0",
"FBA79107","X001WDE1RP","B0CM9P5CCK","Audio Array AM-W17 Dual Wireless Lapel Mic|in-Built ANC, Plug N Play,Long Battery Life, Ultra-Low Latency,Upto 30M Range|Compatible with iPhone & Android|Vlogging, Streaming, Teaching,YouTube, Black","New","1749.00","No",,"Yes","175","175","0","0","175","398.7","0","0","0","0","0","0",
"FBA79108","X001WDR6UT","B0CM9L1QZG","Audio Array AM-W16 Solo Wireless Lapel Over Ear Mic|in-Built ANC,Plug N Play,LongBattery Life,Ultra-Low Latency,Upto 30M Range|Compatible with iPhone&Android|Vlogging,Streaming,Teaching,YouTube,Black","New","1389.00","No",,"Yes","19","19","0","0","19","399.35","0","0","0","0","0","0",
"FBA79109","X001WDNVM1","B0CM9HYVDM","Audio Array AM-W18 Wireless Karaoke Speaker with Microphone | Portable Bluetooth Speaker for Singing & Gifting with Voice Changer | Upto 8+ Hours of Playback | Bluetooth v5.3, SD Card & AUX in (Pink)","New","1199.00","No",,"Yes","38","37","1","0","38","1552.35","0","0","0","0","0","0",
"FBA79230","X001Z45VMF","B0CX1XK5R6","Audio Array AM-W46 Groove Wireless Bluetooth 5.3 Bookshelf Speaker 30W | 5400mAh upto 24h Long Battery | 3 EQ Modes | Stylish Premium Metal Body | Superior Bass Quality","New","4799.00","No",,"Yes","4","1","0","3","4","7764.52","0","0","0","0","0","0",
"FBA79355","X0020S9KXL","B0D3M86SH1","Audio Array AA-19BL RGB Low Profile Boomarm Stand with Riser | 71cm reach & 20 RGB lighting effects & Built-In Cable Management | Matte finish with Flexible adjustments | 2Kg Weight Capacity | Black","New","4999.00","No",,"Yes","16","16","0","0","16","5353","0","0","0","0","0","0",
"FBA79356","X0020SRA97","B0D3Q2T5XX","Audio Array AA-19WL RGB Low Profile Boomarm Stand with Riser | 71cm reach & 20 RGB lighting effects & Built-In Cable Management | Matte finish with Flexible adjustments | 2Kg Weight Capacity | White","New","4999.00","No",,"Yes","22","18","0","4","22","5417.07","0","0","0","0","0","0",
"FBA79379","X0020S4GV7","B0D3LZWTHV","Audio Array AM-C45 XLR/USB Professional RGB Dynamic Podcast Microphone | Built-in Monitoring | One Touch Mute Volume & Noise-Cancellation | 2M USB Cable & Metal Base | Streaming, Podcasting, Singing","New","3599.00","No",,"Yes","29","28","0","1","29","3414.74","0","0","0","0","0","0",
"FBA79380","X0020S58JL","B0D3M1B4Z8","Audio Array AM-C46 Professional RGB USB Condenser Microphone Kit | Noise-Cancellation, Mute, Monitoring & Volume Controls | 192kHz/24bit Studio Quality | Gaming, Streaming, Podcast | Mac/PC/Mobile","New","3649.00","No",,"Yes","43","43","0","0","43","7708.47","0","0","0","0","0","0",
"FBA79444","X00247NRYV","B0DFMLQBMC","Audio Array AM-W20 Magnetic Wireless Lapel Microphone Set | One Touch Smart Noise Reduction | 48KHz/24Bit Hi-fi Recording | 50M Range | 800mAh 48Hrs Long Battery Backup | Vlogging, Podcast, Streaming","New","2161.00","No",,"Yes","0","0","0","0","0","1609.37","0","0","0","0","0","0",
"FBA79445","X00247QYQT","B0DFMLS8JG","Audio Array AM-W32 UHF Dual Wireless Premium Metal Microphones | Built in Battery 2000mAh 6-8 Hours | Type-C Charging | 60M Range | Karaoke Singing, Wedding, Event | Built-in Volume and Echo Control","New","4118.00","No",,"Yes","10","10","0","0","10","3611.87","0","0","0","0","0","0",
"FBA79446","X00247YR3V","B0DFMMTWLY","Audio Array AM-W33 UHF Metal Solo Wireless Microphone Set | 2000mAh 6-8 Hours Battery Backup | Range up to 50M | Karaoke Singing, Wedding, DJ, Church | PA System, Amplifier, Mixer, Party Box","New","1999.00","No",,"Yes","7","7","0","0","7","2435.28","0","0","0","0","0","0",
"FBA79447","X00248123X","B0DFMLXD9S","Audio Array AM-W34 UHF Dual Wireless Premium Metal Microphones | 800mAh 6-8 Hours Receiver Battery Backup | Range up to 50M | Karaoke Singing, Wedding, Church | PA System, Amplifier, Mixer, Party Box","New","3999.00","No",,"Yes","14","14","0","0","14","5976.2","0","0","0","0","0","0",
"FBA79448","X00247VV53","B0DFMKY4TT","Audio Array AM-W35 UHF Dual Wireless Premium Karaoke Microphones | 800mah 5-6 Hours Battery Backup | Range up to 50M | Karaoke Singing, Wedding, DJ, Church | PA System, Amplifier, Mixer, Party Box","New","3599.00","No",,"Yes","18","18","0","0","18","2485.26","0","0","0","0","0","0",
"FBA79449","X00247NVN3","B0DFMNGFTD","Audio Array AM-W36 UHF Dual Wireless Premium Metal Microphone with Charging | 2X XLR Outs & 1/4"" Mix Out | 328ft/100M Range | Karaoke Singing, Wedding, Events | PA System, Amplifier, Mixer, Party Box","New","6299.00","No",,"Yes","18","18","0","0","18","6774.08","0","0","0","0","0","0",
"FBA79465","X00247ZDVV","B0DFMQCGT1","Audio Array AM-W21 Wireless Microphone Kit | Built in Recording, Noise Reduction & Echo | Smartphones, Cameras, Laptops | Dual-Channel Recording, 200 feet Transmission Range, 48-Hour Battery Life","New","3140.00","No",,"Yes","0","0","0","0","0","796.08","0","0","0","0","0","0",
"FBA79482","X00298C9U3","B0DXFPM4N2","Audio Array AM-S1 BT v5.3 |Professional 4"" Studio Monitor Speaker Pair| 60W Class D Amplification,Woven Composite Woofer,1"" Silk-Dome Tweeter,EQ Controls|Music/Monitor Mode, Aux, HDMI, USB C, TRS, RCA","New","8799.00","No",,"Yes","165","163","1","1","175","23945.43","0","10","0","0","0","0",
"FBA79653","X0026HG99T","B0DN6LJZBR","Audio Array AM-C45 XLR/USB Pro RGB Dynamic Microphone Kit | 192kHz/24bit Studio Quality Output | Volume Control, Mute and Noise Cancellation | Realtime Monitoring for Streaming, Gaming & podcasting","New","4099.00","No",,"Yes","15","15","0","0","23","12815.18","0","4","4","0","0","0",
"FBA79654","X0026HIQ4P","B0DN6MNS1X","Audio Array AM-C11 Pro XLR/USB Professional Dynamic Mic Kit | Premium Metal 96kHz/24bit Studio Quality | 2M XLR & USB Cables,Volume Control,Mute & Realtime Monitoring | Streaming,Gaming & podcasting","New","4999.00","No",,"Yes","2","2","0","0","2","12735.7","0","0","0","0","0","0",
"FBA79655","X0026HL9JJ","B0DN6PFWNK","Audio Array AM-C44 Pro XLR/USB Professional Dynamic Microphone Kit | Built-in Monitoring | One Touch Mute & Volume Control | 192kHz/24bit Full Metal Build | 2M XLR & USB Cable | Streaming & Podcasting","New","5199.00","No",,"Yes","25","14","0","11","40","18298.78","10","5","0","0","0","0",
"FBA79694","X0027WY8QJ","B0DT6T6N6B","Audio Array AA-26 Tabletop Metal Microphone Stand | Extendable height up to 22cm | Studio Sound Recording, Streaming, Podcasting, Singing | Stylish Sturdy Metal Design to last long, flat base","New","549.00","No",,"Yes","26","23","0","3","26","468.01","0","0","0","0","0","0",
"FBA79708","X002C9GTWD","B0FFB6YJM1","Audio Array SB-01 | Bluetooth Soundbar 25W, Gaming RGB Lights, AUX, Bluetooth, USB, FM & TWS I Fast Charge Battery, Multiport Connectivity, BT Speaker for TV, Mobile, PC, Laptops, Tablets Black","New","1299.00","No",,"Yes","31","30","0","1","55","5818.55","0","24","0","0","0","0",
"FBA79722","X0029OH43T","B0F2HYY7JF","Audio Array AM-W21 Dual Wireless Lapel Microphones | TFT Card Recording, Noise Cancellation & Echo | Android, iOS, DSLR, Laptops | 360° Pickup, Plug n Play, 60M Working Range, 48-Hour Battery Life","New","3049.00","No",,"Yes","25","21","0","4","25","777.57","0","0","0","0","0","0",
"FBA79783","X002C95MQ7","B0FF9R3GKK","Audio Array AM-C47 RGB USB Condenser Mic Kit | AI Noise Cancellation, 192kHz/24Bit Studio Quality, Touch Control, Headphone Monitoring | Podcasting, YouTube, Gaming & Streaming | Mac/PC & Mobile","New","3088.00","No",,"Yes","2","0","0","2","2","8947.5","0","0","0","0","0","0",
"FBA79813","X002FSN1LN","B0FG88HVQ8","Audio Array AH-50 Professional DJ Headphone | 50mm Drivers | 32Ω | 20Hz-20kHz | Dual Detachable Cables With Mic & Controls | Buddy Share Technology | 105 dB SPL | One Ear Listening | Monitoring,Mixing","New","1999.00","No",,"Yes","371","296","4","70","431","2475.27","0","0","60","1","0","0",
"FBA79815","X002E998EH","B0FPR7VFCH","Audio Array AM-W19 Wireless Lavalier Microphone|192kHz/24bit |AI Noise Cancellation for iPhone/Android, 32h Charging Case, Plug & Play for Vlogging, Streaming, Meetings, Video Recording","New","1999.00","No",,"Yes","3","2","0","0","23","337.41","20","0","0","1","0","0",
"FBA79816","X002E96TAX","B0FPR962YS","Audio Array AM-W22 | Latest 2026 Edition Wireless Microphone for Camera/iPhone/Android/iPad/Laptop, Lav Mic with Charging Case, AI Noise Reduction, 50H Battery, 230ft Range, for Recording, YouTube","New","3549.00","No",,"Yes","13","7","0","6","33","652.37","20","0","0","0","0","0",
"FBA79820","X002EFKH05","B0FQJWWDVK","Audio Array AC-3XL Mic Cable 6.35mm Jack Male to XLR 3PIN Female Cord Wire | Microphone/Guitar Cable | Black, 1pc Pack (3 Meter/10 Feet)","New","449.00","No",,"Yes","107","107","0","0","107","1588.07","0","0","0","0","0","0",
"FBA79821","X002CXXS8R","B0FJ2JJZL3","Audio Array Professional Studio Bundle with 24-Bit/192kHz Audio Interface, 4"" Studio Monitors, XLR Condenser Mic & Stands | for Music Production, Podcasting, Dubbing, Recording & Audio Mixing - UB-01","New","19999.00","No",,"Yes","7","7","0","0","17","101052.63","5","3","2","0","0","0",
"FBA79822","X002CXW6CV","B0FJ2J6MTF","Audio Array Portable Karaoke Bundle | Dual Wireless UHF Microphones with Rechargeable Battery Receiver & USB Plug n Play BT Soundcard Mixer | Ideal for Parties, Home Karaoke & Live Singing - KB-01","New","4999.00","No",,"Yes","16","16","0","0","16","17227.72","0","0","0","0","0","0",
"FBA79823","X002CXW9FF","B0FJ2HZCVN","Audio Array Ultimate Podcast Bundle | Dynamic Microphone with USB/XLR Connectivity & 24-Bit/192kHz Audio Interface | Ideal for Podcasting, Streaming, Voice Recording & Content Creation - PB-01","New","9299.00","No",,"Yes","7","7","0","0","7","20581.99","0","0","0","0","0","0",
"FBA79824","X002CXZK5L","B0FJ2K95XT","Audio Array Ultimate Gaming Bundle | Condenser Mic with Boom Arm & Sound Card | Streaming Kit for PC/Mobile with 14 FX, Voice Modes, Loopback, Real Time Monitoring |for YouTube & Live Stream - GB-01","New","5649.00","No",,"Yes","21","16","0","5","21","17800.78","0","0","0","0","0","0",
"FBA79825","X002CXZBZ5","B0FJ2DT13L","Audio Array All in 1 Pro Bundle | Condenser Mic with USB Bluetooth Soundcard Mixer | Complete Setup for Streaming, Podcasting, Gaming, Singing & Home Studio Recording - GB-02","New","3899.00","No",,"Yes","16","16","0","0","16","17513.67","0","0","0","0","0","0",
"FBA79826","X002CXXW5V","B0FJ2LQT7K","Audio Array Complete Podcast Bundle | USB/XLR Dynamic Mic with Audio Interface 24bit/192kHz & Boom Arm Stand | Professional Streaming & Recording Kit for PC, Mac & Mobile Devices - PB-02","New","9799.00","No",,"Yes","7","7","0","0","10","18870.36","0","3","0","0","0","0",
"FBA79827","X002CZXPSN","B0FJ8S5XJ8","Audio Array Complete Podcast Bundle | Dual USB/XLR Dynamic Microphones with Audio Interface 24bit / 192kHz|Metal Body|Pro Streaming & Recording Kit for PC, Mac & Mobile - PB-03","New","13999.00","No",,"Yes","1","0","1","0","1","17623.14","0","0","0","0","0","0",
"FBA79830","X002CZVYE5","B0FJ8TSQK1","Audio Array Soundcard Singing Bundle | Condenser Mic with Boom Arm & Audio Mixer | Voice Effects, Reverb, Bluetooth | Ideal for Podcasting, Karaoke, Live Streaming, YouTube & Singing - GB-03","New","3799.00","No",,"Yes","15","15","0","0","15","18626.03","0","0","0","0","0","0",
"FBA79831","X002CZYVOF","B0FJ8W5Y9Q","Audio Array RGB Gaming Bundle|RGB USB Dynamic Microphone with Sound Card – Mute, Volume Control, Monitoring, Noise Cancellation, Voice Effects|for Streaming, Podcasting, Gaming, Singing - GB-04","New","6599.00","No",,"Yes","11","9","0","2","14","17705.4","0","3","0","0","0","0",
"FBA79832","X002D00DGJ","B0FJ8S53GW","Audio Array Streaming Bundle Kit | USB Condenser Mic & RGB Sound Card with Phantom Power, Voice Effects, Real-Time Monitoring | for Podcasting, Gaming, YouTube & Live Streaming - GB-05","New","5799.00","No",,"Yes","13","13","0","0","15","17456.32","0","2","0","0","0","0",
"FBA79833","X002CZYSNT","B0FJ8PZ9H7","Audio Array Pro Podcasting Bundle | Audio Interface with 48V Phantom Power & Dual USB/XLR Touch-Control Mics | 192kHz/24bit, Mute, Monitor, Volume Control | Recording, Streaming & Podcasting - PB-04","New","13499.00","No",,"Yes","17","15","0","2","28","20004.34","5","3","3","0","0","0",
"FBA79834","X002D00LX9","B0FJ8T4WXM","Audio Array Podcast Kit | USB/XLR Dynamic Mic with Boom Arm & Audio Interface 24-Bit/192kHz | Metal Build | Plug & Play | No-Latency Monitoring for Streaming, Recording & Content Creation - PB-05","New","9899.00","No",,"Yes","7","7","0","0","7","18609.31","0","0","0","0","0","0",
"FBA79835","X002CZY055","B0FJ8TWCQZ","Audio Array Pro Podcast Bundle | USB/XLR Dynamic Microphone with 24-Bit/192kHz Audio Interface & Boom Arm | Real-Time Monitoring, Plug & Play for Streaming, Recording & Content Creation - PB-06","New","9899.00","No",,"Yes","9","8","0","1","12","26474.12","0","3","0","0","0","0",
"FBA79836","X002D00S7N","B0FJ8Z1W81","Audio Array RGB Podcast Bundle | Dynamic RGB USB/XLR Mic with 24-Bit/192kHz Audio Interface & Boom Arm | AI Noise Cancelling, Plug & Play Kit for Streaming, Podcasting, Gaming & Recording - PB-07","New","8599.00","No",,"Yes","12","12","0","0","15","18573.59","0","3","0","0","0","0",
"FBA79838","X002EDT4SX","B0FQBX8J17","Audio Array AH-40-SL Wired Over-Ear Headphones | 40mm Drivers, 15-22KHz, 32Ω, 105dB SPL Sound, Studio Monitoring, Gaming, Live Music Headset with 3.5mm + 6.3mm Plug Compatibility","New","1299.00","No",,"Yes","2","1","0","1","62","2725","0","0","60","0","0","0",
"FBA79839","X002EDV1Q1","B0FQBXS6Y2","Audio Array AH-45-BK Studio Monitoring & Live Recording Headphones | 20-20KHz, 32 Ω, 100dB SPL | 40mm Depp Bass Closed-Back Driver | 3m OFC Cable | 3.5mm + 6.3mm Adapter (Black)","New","1549.00","No",,"Yes","1","0","1","0","25","4550.69","0","0","24","0","0","0",
"FBA79840","X002EDSRBN","B0FQBWV1ST","Audio Array AH-60-RD Semi-Open Back DJ Headphones | 50mm Drivers Delivers Dynamic Balanced Output | 15Hz–25kHz, 32Ω, 100dB SPL, 1200mW | 3m OFC Single-Sided Cable with Screw-On 3.5mm + 6.3mm Plug","New","1999.00","No",,"Yes","65","64","0","1","85","8982.24","0","0","20","0","0","0",
"FBA79841","X002EDSM95","B0FQBTRM28","Audio Array AH-60-BL, 60Ω, Professional Monitoring Headphones | 53mm Drivers | 10Hz–30KHz | 105dB SPL | Closed-Back, DJ & Studio | 3m Cable with 3.5mm & 6.3mm Plugs (Blue)","New","1999.00","No",,"Yes","38","36","0","2","78","8905.06","0","0","40","0","0","0",
"FBA79842","X002GM4N1Z","B0G4DNF8RZ","Audio Array AM-C48 XLR/USB Professional Full RGB Dynamic Microphone Kit | AI Noise Cancellation | Touch & Knob Controls | Built-in Headphone Monitoring | Podcasting, Recording, Streaming, YouTube","New","3499.00","No",,"Yes","89","88","0","1","89","7375.82","0","0","0","0","0","0",
"FBA79844","X002E4VEAD","B0FN7DYB2M","Audio Array Podcast Bundle with USB Condenser Mic Kit, Audio Interface |192kHz/24bit Studio Quality, Plug & Play, Phantom Power, Real-Time Monitoring for Recording, Streaming & Podcasting - PB-08","New","7299.00","No",,"Yes","0","0","0","0","0","21999.47","0","0","0","0","0","0",
"FBA79845","X002E4UUS5","B0FN7B3KWS","Audio Array Studio Monitor Bundle with 60W Powered Speakers & Adjustable Metal Stands | Bluetooth, HDMI ARC, USB-C, RCA Inputs | Professional Studio Monitors for Home Studio, Streaming & Gaming-UB-02","New","11599.00","No",,"Yes","11","11","0","0","14","85743.18","0","3","0","0","0","0",
"FBA79846","X002E4W6G9","B0FN7C25VS","Audio Array AM-C11X Pro XLR Podcast Mic Kit with Dynamic Microphone, 2m XLR Cable & Adjustable Boom Arm | Studio-Quality Sound, 20Hz–20kHz, All-Metal Build for Podcasting, Streaming & Recording","New","4199.00","No",,"Yes","19","19","0","0","23","19142.71","0","4","0","0","0","0",
"FBA79847","X002E4Y6TT","B0FN7FYZM3","Audio Array RGB Gaming Mic Bundle with USB/XLR Microphone, Boom Arm & Sound Card Mixer | Streaming Mic Kit with Voice Effects, AI Noise Cancel, RGB Lights for Podcasting, Gaming & Recording - PB-09","New","7399.00","No",,"Yes","13","13","0","0","15","18082.14","0","2","0","0","0","0",
"FBA79903","X002EL3DW3","B0FR5DLXH9","Audio Array AA-25 Metal Handheld Microphone Interview Adapter with Wind Shield for Wireless Lapel Microphones | Supports, Rode Go, DJI, Hollyland mics etc | Foam Cover with Built-in Cold Shoe Mount","New","849.00","No",,"Yes","59","56","1","2","79","1597.57","0","20","0","0","0","0",
"FBA79904","X002F51TU1","B0FTVQQVDC","Audio Array Professional Studio Recording Bundle – XLR Condenser Mic Kit, 2x2 USB Audio Interface, Closed-Back Headphone, Boom Arm, Pop Filter & 48V Phantom Power| 24-bit/192kHz Podcast Kit - PB-10","New","10499.00","No",,"Yes","5","0","2","3","23","50981.3","15","3","0","0","0","0",
"FBA79905","X002F55RRH","B0FTVSH458","Audio Array Professional Dynamic Studio Bundle with Headphones – USB/XLR Dynamic Microphone, Boom Arm, Monitoring Headphones | 24-bit/192kHz, Plug & Play, No-Latency Recording, Monitoring - PB-11","New","6699.00","No",,"Yes","3","3","0","0","3","18357.44","0","0","0","0","0","0",
"FBA79906","X002F4WTVP","B0FTVVLNS9","Audio Array Professional Dynamic Bundle with Headphones & Audio Interface - USB/XLR Dynamic Microphone, 24-bit/192kHz Interface, Boom Arm & Semi-Open Headphones | Plug & Play Podcast Kit - PB-12","New","11849.00","No",,"Yes","5","5","0","0","8","32310.37","0","3","0","0","0","0",
"FBA79907","X002F4WTW9","B0FTVS34SD","Audio Array Professional Bundle with Sound Card, USB Condenser Mic, Studio Headphones & Boom Arm | BT SoundCard with Voice Effects & Noise-Control Monitoring for Streaming Recording Podcasting - PB-13","New","5199.00","No",,"Yes","0","0","0","0","0","2716.16","0","0","0","0","0","0",
"FBA79908","X002F557HR","B0FTVV1QJY","Audio Array Professional Recording Bundle with BT Soundcard – USB Condenser Microphone, Studio Headphones | Cardioid Mic, Noise Reduction & 6 Sound Modes for Streaming Recording & Podcasting - PB-14","New","4999.00","No",,"Yes","5","0","0","5","5","17553.17","0","0","0","0","0","0",
"FBA79909","X002F9I0KT","B0FVM17Q4W","Audio Array AM-W20 Magnetic Wireless Lapel Microphone Set | One Touch Smart Noise Reduction | 48KHz/24Bit Hi-fi Recording | 50M Range | 800mAh 48Hrs Long Battery Backup | Vlogging, Podcast, Streaming","New","2099.00","No",,"Yes","34","34","0","0","34","548.8","0","0","0","0","0","0",
"FBA79957","X002GHD4D3","B0G3Q517Y2","Audio Array AM-W23 Magnetic Wieless Microphone with Charging Pouch 24Bit/ 48Khz for iPhone/Android/iPad/Laptop, Lav Mic with Charging Case, AI Noise Reduction, 50H Battery, 230ft Range, for Recording","New","2999.00","No",,"Yes","59","59","0","0","89","686.95","0","30","0","0","0","0",
"FBA79958","X002GH8HRB","B0G3Q59X8C","Audio Array AM-W24 2026 Edition Magnetic Wireless 5gm Mic with Slide Charging Case for iPhone/Android, AI Noise Reduction, 30H Battery, 200ft Range, Plug & Play for Recording Vlogging, Streaming.","New","1899.00","No",,"Yes","58","58","0","0","90","331.84","0","30","2","0","0","0",
"FBA79959","X002GFVGS5","B0G39ZHDYP","Audio Array Wired Voice Amplifier for Teachers with Bluetooth | Wired Headset Mic with 10W Speaker for Tour Guides, Yoga | 10 Hrs Battery Life | One Click Monitoring | TWS Connectivity AM-W47 Wired","New","1199.00","No",,"Yes","49","49","0","0","79","7953.3","0","30","0","0","0","0",
"FBA79960","X002GFV5XL","B0G3B152FR","Audio Array Wireless Voice Amplifier For Teachers With Bluetooth 5.3 |10W Speaker With Wireless Mic for Tour Guides, Yoga |10 Hrs Battery Life | One Click Monitoring | TWS Connectivity AM-W47 Wireless","New","2058.00","No",,"Yes","0","0","0","0","0","1394.21","0","0","0","0","0","0",
"FBA79961","X002GRD0C3","B0G53H49BS","Audio Array AI-13 4 channels Mixer","New","2699.00","No",,"Yes","35","34","0","1","65","4362.73","0","30","0","0","0","0",
"FBA79962","X002GR6H4L","B0G53LZNY3","Audio Array AM-Mix4 OTG 4 channels mixer with OTG","New","5499.00","No",,"Yes","2","2","0","0","6","5644.85","0","4","0","0","0","0",
"FBA79963","X002GRCY1B","B0G53CB72D","Audio Array AM-Pro 8 8 Channel Mixer","New","21628.00","No",,"Yes","2","0","0","2","6","10500.01","0","4","0","0","0","0",
"FBA79964","X002GRBTSF","B0G53KWRWH","Audio Array AM-Pro12 12 channels Mixer","New","23688.00","No",,"Yes","2","0","0","2","6","21945.06","0","4","0","0","0","0",
"FBA79965","X002GRAUDP","B0G53PRM34","Audio Array AM-Mix6 6 channels mixer","New","8753.00","No",,"Yes","2","0","0","2","6","21303.35","0","4","0","0","0","0",
"FBA79966","X002GRB8JZ","B0G53KWRVW","Audio Array AM-Mix10 10 channels mixer","New","11328.00","No",,"Yes","2","0","0","2","6","28676.87","0","4","0","0","0","0",
"FBA79967","X002G97ZZ9","B0G2C2RCXN","Audio Array AM-W19 Wireless Lavalier Mic with AI Noise Cancellation for iPhone/Android, 32h Charging case and Plug-and-Play Setup for vlogging, Streaming, Meetings, and Video Recording","New","1999.00","No",,"Yes","47","45","0","1","47","334.62","0","0","0","1","0","0",
"FBA79968","X002GRCZOH","B0G53M9258","Audio Array AI-14 8 Channel mixer","New","6499.00","No",,"Yes","5","4","0","1","15","6605.95","0","10","0","0","0","0",
"FBA79969","X002GFVW1V","B0G3B677Z5","Audio Array Studio Monitor Bundle with 60W Powered Speakers & Adjustable Metal Stands | Bluetooth, HDMI ARC, USB-C, RCA Inputs | Professional Studio Monitors for Home Studio, Streaming & Gaming-UB-03","New","11499.00","No",,"Yes","9","8","0","1","12","93953.1","0","3","0","0","0","0",
"FBA79972","X002H9QFKT","B0GCP1J2HC","Audio Array M8 8 channel mixer","New","8238.00","No",,"Yes","0","0","0","0","0","21970.79","0","0","0","0","0","0",
"FBA79974","X002HC9D9L","B0GD8JSPB1","Audio Array 60W Bluetooth Bookshelf Speaker Pair | 1.5"" Silk Dome Tweeter, 4"" Sub Woofer | Music & Monitor Mode | Aux, HDMI, USB-C, TRS & RCA Connectivity","New","8799.00","No",,"Yes","14","14","0","0","14","29329.24","0","0","0","0","0","0",
"FBA80016","X002I7N7GZ","B0GKPXQ8G3","Audio Array AM-W22_V2 | Latest 2026 Edition Wireless Microphone for Camera/iPhone/Android/iPad/Laptop, Lav Mic with Charging Case, AI Noise Reduction, 50H Battery, 230ft Range, for Recording, YouTube","New","3499.00","No",,"Yes","0","0","0","0","0","404.92","0","0","0","0","0","0",
"FBK78961","X001X10DA5","B0CBCB9S14","Audio Array AM-C40 Large Diaphragm USB Condenser Microphone Kit | Boom Arm & Pop-Filter | 96kHz/24bit No Latency Headphone Monitoring with Mute & Volume Control Knob | Singing, Podcasting & Streaming","New","2499.00","No",,"Yes","0","0","0","0","0","10052.81","0","0","0","0","0","0",
"FBK79009","X002DKE6ZX","B0FLYHJ6DK","Audio Array AM-C41 Plug & Play AI Noise Cancellation USB Condenser Microphone | Mute Button/Echo/Volume Knob | Kit with Tripod, Mic Cover | Gaming, Streaming, Podcast | Mac/PC/Laptop/Mobile","New","1649.00","No",,"Yes","29","29","0","0","29","2950.98","0","0","0","0","0","0",
"FBK79010","X002DKK1PR","B0FLYJFC22","Audio Array AM-C42 Plug & Play AI Noise Cancelling USB Condenser Microphone | Mute Button/Echo/Volume Knob | Kit with Boom Arm & Pop Filter | Karaoke, Gaming, Streaming, Podcast | Mac/PC/Mobile","New","2399.00","No",,"Yes","15","15","0","0","15","6230.69","0","0","0","0","0","0",
"FBK79708","X002ELRHOX","B0FJS7JZ4V","Audio Array SB-01 25W | 2.0 Sound Bar Speaker | BT v5.3 AUX, USB, TF Card, TWS Connectivity | Inbuilt FM Radio | Build in Mics | Dynamic LED Lights","New","1249.00","No",,"Yes","42","37","1","4","66","5802.33","0","24","0","0","0","0",
