SKU,Model,(Parent) ASIN,(Child) ASIN,Title,Sessions - Total,Sessions - Total - B2B,Session Percentage - Total,Session Percentage - Total - B2B,Page Views - Total,Page Views - Total - B2B,Page Views Percentage - Total,Page Views Percentage - Total - B2B,Featured Offer Percentage,Featured Offer Percentage - B2B,units_ordered,Units Ordered - B2B,Unit Session Percentage,Unit Session Percentage - B2B,ordered_product_sales,Ordered Product Sales - B2B,Total Order Items,Total Order Items - B2B
FBA79493,V-03,B0DQCWRG3H,B0DQCWRG3H,NexLev Ionic 3 in 1 Hot Air Brush|1.5 Inch Barrel |Volumizer Blow Dryer & Styler|Ceramic Tourmaline Coated for Heat Protection|1200W|Dual Bristle for Tangle Free Styling|Salon Like Styles at Home|V-03,"4,986",16,3.62%,0.69%,"6,988",23,3.94%,0.74%,70.89%,100.00%,51,0,1.02%,0.00%,"₹ 97,951.00",₹ 0.00,51,0
FBA79452,VC-01,B0DCGHVN81,B0DCGHVN81,NexLev 2 in 1 Handheld & Stick Vacuum Cleaner | 17500 PA Suction | Dry Vacuuming for Home & Office | Washable HEPA Filter | 4 Adjustable Heads | Bagless| Deep Cleaning for Sofa Bed Window & more|VC-01,"4,624",35,3.36%,1.51%,"6,591",45,3.72%,1.45%,60.01%,66.67%,37,0,0.80%,0.00%,"₹ 71,784.00",₹ 0.00,37,0
FBA79570,BR-01,B0DKJXRXKM,B0DKJXRXKM,NexLev Blackhead & Whitehead Remover Tool | Rechargeable |1Hr Use| Acne & Pimple Pore Cleaner | 6 Heads | Electric Derma Suction Machine | Hydra Facial Cleanser Device for Face |For Men & Women |BR-01,"1,791",38,1.30%,1.64%,"2,478",66,1.40%,2.13%,96.37%,97.44%,37,0,2.07%,0.00%,"₹ 54,215.00",₹ 0.00,37,0
FBA79263,MR-01,B0CYSLCRQS,B0CYSLCRQS,"nexlev Mattress, Sofa & Carpet Vacuum Cleaner | for Dust Mites, Allergens & Pet Hair | 4 Step Cleansing with Double Beat, UV Light, Dehumidification & Vacuum | HEPA captures 99.99% Dust|MR-01","46,754",814,33.96%,35.07%,"56,386","1,001",31.80%,32.26%,65.98%,40.95%,32,0,0.07%,0.00%,"₹ 88,470.00",₹ 0.00,32,0
FBA79280,LR-02,B0D845B2DG,B0D845B2DG,"NexLev Lint Remover | for Woolen Sweaters Shirts Socks Jackets Suede Leggings Curtains & Carpets | Pill, Rue & Burr Remover | 120 Min Use |TypeC | Lint Brush for Coat| SS Blade | Safety Lock | LR-02",453,15,0.33%,0.65%,658,22,0.37%,0.71%,90.89%,70.00%,33,0,7.28%,0.00%,"₹ 44,940.00",₹ 0.00,30,0
FBA79464,CM-01-BL,B0DFCDKMWR,B0DFCDKMWR,NexLev Cordless Electric Heating Pad| Period Cramp & Back Pain Relief Massager | 9 modes| Menstrual Cramp Relief|Type C| Crampfree Periods | Portable | Gift for Women| Strap upto 40 Inch |Blue CM-01,"1,113",29,0.81%,1.25%,"1,500",50,0.85%,1.61%,99.48%,89.47%,29,0,2.61%,0.00%,"₹ 34,972.00",₹ 0.00,27,0
FBA79567,SC-04,B0DNJS23HS,B0DNJS23HS,NexLev 10 in 1 Steam Cleaner & Mop|2 Steam Modes| Mopping & Deep Cleaning Home Car Sofa Bathroom Kitchen & Office |For All Surfaces|350ML|Chemical Free Cleaning | Detachable & Foldable|SC-04,"7,843",102,5.70%,4.39%,"10,462",141,5.90%,4.54%,76.21%,78.95%,28,1,0.36%,0.98%,"₹ 1,67,972.00","₹ 5,999.00",27,1
FBA79440,LE-02,B0DCGHKRXX,B0DCGHKRXX,NexLev LED Phototherapy comb | Electric Scalp Massager | Red Light for Regrowth | Blue Light for Anti Dandruff | Hairfall Control | Rechargeable TypeC | Targeted Laser Treatment Machine |3 Modes |LE-02,"4,518",10,3.28%,0.43%,"5,669",12,3.20%,0.39%,93.96%,0.00%,26,0,0.58%,0.00%,"₹ 51,974.00",₹ 0.00,26,0
FBA79406,HSB-04,B0DCK3N2JJ,B0DCK3N2JJ,"NexLev Ionic Cordless Hair Straightener Brush | 60min Runtime | upto 200° Heating | Portable & Type C Rechargeable | Keratin Bristles |Straight, Frizz Free & Shiny Hair | Compact Comb Design | HSB-04","7,951",33,5.78%,1.42%,"10,183",39,5.74%,1.26%,83.54%,26.32%,26,0,0.33%,0.00%,"₹ 52,228.00",₹ 0.00,26,0
FBA79652,SC-05,B0F43P6D23,B0F43P6D23,NexLev Steam Cleaner | Complete Home Kitchen Floor Bathroom Car & Office Cleaning machine | 9 Accessories | 450 ML | Window Pane Sink Grime Chimney Grease Water Stain Cleaner| 4 M Cord |1050W |SC-05,"4,741",114,3.44%,4.91%,"6,204",139,3.50%,4.48%,80.91%,90.00%,26,1,0.55%,0.88%,"₹ 74,629.26","₹ 2,999.00",26,1
FBA78980,GS-02,B0CDPMX152,B0CDPMX152,NexLev Handheld Garment Steamer | 1500 Watts | 300 ML| Standing & Horizontal Iron Press | Damage Free Steaming for all Cloth Types | 25s Quick Heat |Upto 5 Clothes in One Fill | Travel Friendly |GS-02,"3,472",27,2.52%,1.16%,"4,564",40,2.57%,1.29%,83.68%,50.00%,25,0,0.72%,0.00%,"₹ 51,200.00",₹ 0.00,23,0
FBA79268,GS-05,B0D383WQPB,B0D383WQPB,NexLev Foldable Garment Steamer for Home & Travel | Convenient Vertical Steaming | 1200W | 120 ml | Lightweight & Compact | 30s Fast Heating | Iron for all Cloth Types | 2 M cord | Anti Spill | GS-05,"2,386",61,1.73%,2.63%,"3,045",82,1.72%,2.64%,96.72%,0.00%,23,0,0.96%,0.00%,"₹ 41,377.00",₹ 0.00,23,0
FBA79271,V-01,B0D83Q7L8W,B0D83Q7L8W,"NexLev Ionic Hot Air Brush | 3 in 1 Blow Dryer, Straightener, Volumizer & Styler | 360° Airflow Vents | Ceramic Tourmaline Coated Brushing Head | Tangle Free Bristle |3 Speed & 2 Heat Settings | V-01",516,4,0.37%,0.17%,836,6,0.47%,0.19%,88.22%,100.00%,22,0,4.26%,0.00%,"₹ 27,456.00",₹ 0.00,22,0
FBA79349,SW-01,B0D9KDQCCM,B0D9KDQCCM,Nexlev Portable Sewing Machine| 2 Speed Settings| Cordless| Battery operated| USB Type C cord for Plug-in| Quick Fix DIY|Portable & Compact| for all Fabrics| 1 Year Warranty| White,"1,208",27,0.88%,1.16%,"1,688",45,0.95%,1.45%,79.35%,83.33%,22,0,1.82%,0.00%,"₹ 20,979.00",₹ 0.00,22,0
FBA79439,MR-02,B0DCK7ZH5P,B0DCK7ZH5P,"NexLev Mattress, Sofa, Carpet & Car Seat Vacuum Cleaner|For Dust Mites Allergens & Pet Hair|Cordless Design|1500*3 mAh |UV Sterilization, Double Beat Technology|Type C| HEPA captures 99.99% Dust|MR-02","7,659",144,5.56%,6.20%,"9,118",176,5.14%,5.67%,50.17%,43.53%,22,1,0.29%,0.69%,"₹ 72,556.00","₹ 3,298.00",22,1
FBA79404,FS-01,B0D9KFZYG8,B0D9KFZYG8,"NexLev Steamer For Cold & Cough| Face Steam,Inhaler & Vaporizer | Perfect for Facial & Aromatherapy | Nano Ionic Steam | Uv Sterilization | Aroma Diffuser|30 Sec Heating|Avoid Burns & Spillage | FS-01","2,356",31,1.71%,1.34%,"2,867",36,1.62%,1.16%,88.93%,85.00%,21,1,0.89%,3.23%,"₹ 36,579.00","₹ 1,749.00",21,1
FBA79692,AP-03,B0DVC58QPZ,B0DVC58QPZ,NexLev Smart Air Purifier | Home Room & Office Use upto 220 sq ft |True HEPA 13 Filter | Eliminate 99.99% Virus Dust Smoke Odor Pollen Allergens & Pollutants | Long Filter Life |3 Year Warranty |AP220,"2,237",101,1.63%,4.35%,"3,195",142,1.80%,4.58%,75.07%,75.00%,20,1,0.89%,0.99%,"₹ 92,980.00","₹ 4,649.00",20,1
FBA79682,HU-02,B0DVC8NYY2,B0DVC8NYY2,"NexLev Cool Mist Humidifier | 2.2L| For Office, Indoor Plants, Baby Nursery | Quiet Operation | Works 30Hrs on Low Setting | 360° Nozzle | Auto Shut-Off | Adjustable Knob | Leak Proof | HU-02",673,6,0.49%,0.26%,953,10,0.54%,0.32%,99.52%,100.00%,20,0,2.97%,0.00%,"₹ 38,931.00",₹ 0.00,20,0
FBA79819,LR-03,B0FT8R24QM,B0FT8R24QM,"NexLev Lint Remover | for Woolen Sweaters Shirts Socks Jackets Suede Leggings Curtains & Carpets |Fabric Brush | Pill, Rue & Burr Remover | Battery Powered| Stainless Steel Blade |Safety Lock | LR-03",362,5,0.26%,0.22%,529,6,0.30%,0.19%,77.43%,100.00%,19,0,5.25%,0.00%,"₹ 5,712.00",₹ 0.00,19,0
FBA79350,EA-01,B0D67727VG,B0D67727VG,NexLev LED Therapy Oil Applicator | Reduce Dandruff | Improve Hair Growth | EMS for Scalp Improvement | Red & Blue Light | High Frequency Massage for Better Absorption | 10 ML | Waterproof | EA-01,950,31,0.69%,1.34%,"1,309",43,0.74%,1.39%,29.50%,33.33%,14,0,1.47%,0.00%,"₹ 13,188.00",₹ 0.00,14,0
FBA79277,SC-03,B0D672NXC8,B0D672NXC8,"Nexlev SWIPE Steam Cleaner | 3.5 Bar Strong Steam|Multipurpose Steam Cleaner for Car, Kitchen, Bathroom, Floor, Window, Glass, Upholstery| 8 Accessories Kit|Safety Lock| Large 700ML Water Tank | SC-03",777,32,0.56%,1.38%,"1,088",41,0.61%,1.32%,85.21%,87.50%,13,2,1.67%,6.25%,"₹ 83,976.00","₹ 13,996.00",13,2
FBA79590,CFM-01,B0DM6BB3VT,B0DM6BB3VT,NexLev Calf Massager | Daily Use Leg Massager for Sore Muscle |1 Piece | Hand Like Massage with Air Compression | Improve Blood Circulation & Relieve Pain | 2500 mAh | Large Belt | Type C |CFM-01,696,23,0.51%,0.99%,"1,020",34,0.58%,1.10%,74.30%,72.73%,14,2,2.01%,8.70%,"₹ 42,886.00","₹ 6,198.00",13,1
FBA79683,AP-01,B0DVC9PRSD,B0DVC9PRSD,NexLev Professional Air Purifier for 650 sq ft Area| 8500 Hrs Filter Life|True HEPA 13 Filter |Captures 99.99% Virus and PM 2.5 Particle|For Home & Office|Remote Control & WiFi |Sleep & Auto Mode|A6,"1,235",80,0.90%,3.45%,"1,777",138,1.00%,4.45%,99.87%,100.00%,14,1,1.13%,1.25%,"₹ 1,88,860.00","₹ 13,490.00",13,1
FBA79488,KE-01,B0DFCG2VGS,B0DFCG2VGS,"Nexlev Multi Purpose Electric Food Kettle|1.8L Stainless Steel Pot| 600W|Boil, Steam, Fry, Saute| Double Layered Body|2 Heat Settings|Multi Function for Water, Milk, Egg, Soup, Noodles|KE-01","1,274",25,0.93%,1.08%,"1,892",48,1.07%,1.55%,83.71%,6.67%,12,0,0.94%,0.00%,"₹ 16,990.00",₹ 0.00,12,0
FBA79276,SM-01,B0D2LJSQXZ,B0D2LJSQXZ,NexLev Steam Mop | Chemical Free Mopping | Floor Cleaning + Carpet Steaming | 4 Extra Mop Pads | 400 ML | 1300W | Floor Disinfectant | for All Floor Types | 4mtr Long Cord | Wet & Dry Mopping | SM-01,937,17,0.68%,0.73%,"1,241",17,0.70%,0.55%,99.62%,100.00%,9,0,0.96%,0.00%,"₹ 30,392.00",₹ 0.00,9,0
FBA79681,HU-01,B0DVC968P1,B0DVC968P1,"NexLev Cool Mist Humidifier | 3.5L| For Office, Indoor Plants, Baby Nursery | Quiet Operation | Works 44Hrs on Low Setting | 360° Nozzle | Auto Shut-Off | Adjustable Knob | Leak Proof | HU-01",568,16,0.41%,0.69%,807,21,0.46%,0.68%,29.23%,33.33%,9,0,1.58%,0.00%,"₹ 16,792.00",₹ 0.00,9,0
FBA78981,SC-01,B0CDPP45BM,B0CDPP45BM,"NexLev Steam Cleaner | For Complete Home Kitchen Bathroom Car Sofa & Office Cleaning Machine | 9 Accessories |300 ML | Window Pane, Sink, Chimney Grease, Water Stain Cleaner| 4 Mtr Cord | 1000W |SC-01","9,340",166,6.79%,7.15%,"12,541",229,7.07%,7.38%,5.46%,3.64%,8,0,0.09%,0.00%,"₹ 28,612.00",₹ 0.00,8,0
FBA79373,ET-01-BK_N,B0D2P5TGWK,B0D2P5TGWK,NexLev Smart Electric Toothbrush for Adults | 2-Min Timer with Quadpacer | 2 Replaceable Heads | AAA Battery | 3 Cleaning Modes | Upto 60 Days | Waterproof | Travel Case | Soft Bristles | ET-01 Black,580,5,0.42%,0.22%,807,10,0.46%,0.32%,44.10%,0.00%,8,0,1.38%,0.00%,"₹ 2,288.00",₹ 0.00,8,0
FBA79573,EA-02,B0DKK15YNJ,B0DKK15YNJ,NexLev Oil Applicator Comb|Red Led Light Therapy |Boost Hair Growth| Reduce Dandruff | Relieve Stress |High Vibration Corded Electric Scalp/Head Massager | 6 ML Oil Tank | 2 Hr Run-Time| Type-C|EA-02,"1,466",37,1.06%,1.59%,"1,912",45,1.08%,1.45%,57.89%,50.00%,8,0,0.55%,0.00%,"₹ 18,193.00",₹ 0.00,8,0
FBA79591,KM-01,B0F29SZCVF,B0F29SZCVF,"NexLev Knee Massager for Joint Pain Relief |Controlled Vibration & Heating for Arthritis, Knee, Shoulder or Elbow pain | 15 modes |2 Extension Belt |Graphene Heating pad for Consistent Heating | KM-01",212,8,0.15%,0.34%,294,18,0.17%,0.58%,85.88%,75.00%,8,0,3.77%,0.00%,"₹ 7,245.00",₹ 0.00,8,0
FBA79811,MC-01,B0FSF1N457,B0FSF1N457,NexLev Mini Electric Chopper | 3D Stainless Steel Blade | Food Grade Bowl | for Mincing Garlic Ginger Onion Vegetable Meat Nuts | 250 ml | One Touch Operation | MC-01,761,17,0.55%,0.73%,971,20,0.55%,0.64%,90.93%,88.89%,8,0,1.05%,0.00%,"₹ 4,232.00",₹ 0.00,8,0
FBA79463,VC-02,B0DCK56Q85,B0DCK56Q85,"NexLev Cordless Vacuum Cleaner|HEPA with Stainless Steel Cover|6000 mAh|Copper Motor| Rechargeable Type C|Ideal for Home, Office & Car Use|Compact & Portable|Dust & Pet Hair Remover|3 Attachment|VC-02",227,3,0.16%,0.13%,329,4,0.19%,0.13%,100.00%,100.00%,7,1,3.08%,33.33%,"₹ 15,594.00","₹ 2,599.00",7,1
FBA79262,SC-02,B0CYSMBCB8,B0CYSMBCB8,NexLev Steam Cleaner | For Complete Home Kitchen Bathroom Window Car & Office Cleaning | 9 Accessories | 450 ML | Window Pane Sink Grime Chimney Grease Water Stain Cleaner| 4 Meter Cord | 1000W |SC-02,558,11,0.41%,0.47%,789,15,0.45%,0.48%,99.85%,100.00%,6,0,1.08%,0.00%,"₹ 15,086.31",₹ 0.00,6,0
FBA79352,WF-02-BL,B0D637B562,B0D637B562,Nexlev Splash Pet Water Fountain with LED Light | 2.0L Capacity | Ultra Quiet Cat Drinking Fountain with Filter | Automatic Pet Water Fountain for Cats and Small Dogs | Blue (WF-02-BL),165,6,0.12%,0.26%,234,8,0.13%,0.26%,97.97%,20.00%,6,0,3.64%,0.00%,"₹ 6,245.00",₹ 0.00,6,0
FBA79374,ET-02-GN_N,B0D2P7WLJB,B0D2P7WLJB,NexLev Smart Electric Toothbrush for Adults | 2 Min Timer with Quadpacer | 2 Replaceable Heads | AAA Battery Powered | 2 Cleaning Modes | Upto 60 Days | Waterproof | Travel Case | Soft Bristles | ET-02 Green,327,4,0.24%,0.17%,448,6,0.25%,0.19%,37.47%,0.00%,5,0,1.53%,0.00%,"₹ 1,420.00",₹ 0.00,4,0
FBA79279,LR-01,B0D8445KJN,B0D8445KJN,"NexLev Lint Remover | For Woolen Sweaters Shirts Socks Jackets Suede Leggings | Pill, Rue & Burr Remover | 30 Min Use |Type C |Defuzzer | Lint Brush for Coat | 2 Modes | SS Blade | Safety Lock | LR-01",196,1,0.14%,0.04%,246,1,0.14%,0.03%,61.61%,0.00%,4,0,2.04%,0.00%,"₹ 3,428.00",₹ 0.00,4,0
FBA79467,TM-01,B0DK9LYT4P,B0DK9LYT4P,NexLev Beard Trimmer| 90min Run Time| 40 Length Settings| 0.5mm Precision| Washable Stainless Steel Blades| Copper Motor| USB Type-C| IPX7 Waterproof| Travel Lock| 2 Beard Comb| 1 Year Warranty |TM-01,149,3,0.11%,0.13%,249,5,0.14%,0.16%,98.12%,0.00%,4,0,2.68%,0.00%,"₹ 2,940.00",₹ 0.00,4,0
FBA79589,SS-02,B0DNJP9T35,B0DNJP9T35,"NexLev Spin Scrubber|6 Scrubbing Heads| For Kitchen, Bathroom, Tub, Glass | Complete cleaning tool for Home, Office & Car| 90 min runtime | 2600 mAh | Cordless Type C | 2 Modes|Adjustable Handle|SS-02",309,7,0.22%,0.30%,413,9,0.23%,0.29%,85.37%,25.00%,4,0,1.29%,0.00%,"₹ 6,147.00",₹ 0.00,4,0
FBA79595,EM-02,B0FM3LBN87,B0FM3LBN87,"NexLev Air Compression Eye Massager|Heat Function|Vibration|In-Built Music| 5 Modes| 180° Foldable|Improve Sleep|Relieves Headache & Migraine|Reduce Eye Strain, Dark Circle, Eye Bags|Type-C| EM-02",31,3,0.02%,0.13%,38,4,0.02%,0.13%,100.00%,100.00%,4,1,12.90%,33.33%,"₹ 7,996.00","₹ 1,999.00",4,1
FBA79843,SC-04 Spare Set,B0FMF1D9NV,B0FMF1D9NV,NexLev Accessory Kit for 10-in-1 Steam Cleaner & Mop SC-04 | Multipurpose Attachments for Deep Cleaning,138,4,0.10%,0.17%,146,5,0.08%,0.16%,98.61%,100.00%,4,0,2.90%,0.00%,₹ 825.00,₹ 0.00,4,0
FBA79812,PB-01,B0FS6TB7CP,B0FS6TB7CP,NexLev Portable Blender for Smoothies Milkshakes Crushing Ice Juices | 6 Leaf Stainless Steel Blade | 3000 mAh Battery | Type C Rechargeable | Mix Fruit Juicer | 450ml | For Kitchen & Travel | PB-01,581,8,0.42%,0.34%,818,12,0.46%,0.39%,30.03%,37.50%,4,1,0.69%,12.50%,"₹ 8,392.00","₹ 2,098.00",4,1
FBA79265,CR-01,B0D2LHNS9B,B0D2LHNS9B,"NexLev Foot Callus Remover | Electric Scrubber & Shaver for Dead, Hard & Cracked Skin | Professional Pedicure at Home | Waterproof | Type C | 3 Crystal Quartz Heads | For Men and Women| CR-01",112,1,0.08%,0.04%,156,1,0.09%,0.03%,34.81%,0.00%,4,0,3.57%,0.00%,"₹ 2,756.00",₹ 0.00,3,0
FBA79472,CM-02-PR,B0DFCDZWND,B0DFCDZWND,NexLev Cordless Electric Heating Pad| Period Cramp & Back Pain Relief Massager | 9 modes| Menstrual Cramp Relief|Type C| Crampfree Periods | Portable | Gift for Women| Strap upto 40 Inch |Purple CM-02,316,8,0.23%,0.34%,392,14,0.22%,0.45%,31.62%,0.00%,3,0,0.95%,0.00%,"₹ 4,197.00",₹ 0.00,3,0
FBA79689,CFM-02,B0DVSZ2VVJ,B0DVSZ2VVJ,"NexLev Calf Massager Pro|Complete Feet Calf Knee and Thigh Massage|Hand like Massage with Air Compression and Heat Therapy|Pain Relief,Muscle Recovery & Enhanced Blood Circulation|3 Intensities|CFM-02",355,11,0.26%,0.47%,478,14,0.27%,0.45%,98.42%,100.00%,3,1,0.85%,9.09%,"₹ 17,997.00","₹ 5,999.00",3,1
FBA79381,ETR-06,B0D9KCNVNM,B0D9KCNVNM,Nexlev Oscillating Electric Toothbrush | 8000 vibrations/min | USB Type C Charging|3 modes| 2 Minute Timer |Quad Change Reminder| IPX7 Waterproof | For adults| 1 year warranty| |Sparkle Pro (ETR-06),76,2,0.06%,0.09%,100,2,0.06%,0.06%,93.02%,0.00%,2,0,2.63%,0.00%,"₹ 2,398.00",₹ 0.00,2,0
FBA79473,TI-02,B0DJFH6RTL,B0DJFH6RTL,"NexLev Portable Tyre Inflator for Car, Bike, Cycle|150 PSI Pressure| 120 Watt Air Pump|12V Car Plug| Digital Display| Auto Shut-Off| Emergency LED Light| 3m Cord| 3 Air Nozzles| Compact| AER TI-02",45,1,0.03%,0.04%,53,1,0.03%,0.03%,95.92%,0.00%,2,0,4.44%,0.00%,"₹ 2,998.00",₹ 0.00,2,0
FBA79699,SPM-01(New),B0DTYDTKN8,B0DTYDTKN8,NexLev Cordless Spin Mop|50 Min Runtime|2 Extra Mop Pads | Type C | For Home Kitchen & Office Use | Water Spray Function|Self Propelling|Mopping for All Floor Types|LED for Corners and Underbed|SPM-01,421,6,0.31%,0.26%,583,7,0.33%,0.23%,98.80%,0.00%,2,0,0.48%,0.00%,"₹ 7,998.00",₹ 0.00,2,0
FBA79679,ST-01,B0DVC7VJP1,B0DVC7VJP1,"NexLev Stand Mixer |5.5L SS Bowl | 1500W |10 Speeds | Pulse Function |Planetary Rotation | Whisk, Beater & Dough Hook|100% Copper Motor | For Roti & Cookie Dough, Cake Making, Whip Cream & more |ST-01","1,711",28,1.24%,1.21%,"2,279",38,1.29%,1.22%,12.08%,0.00%,2,0,0.12%,0.00%,"₹ 11,998.00",₹ 0.00,2,0
FBA79673,ETC-07-WH,B0FJG5PFGQ,B0FJG5PFGQ,Nexlev Electric Toothbrush|40000 vibrations/minute| USB Type C| 6 Modes| 2 Min timer| 30 sec Quad Interval| 4 Replaceable Brush Heads With Cover| IPX7 Waterproof| For Adults|Sparkle Pro ETC-07 White,72,1,0.05%,0.04%,102,1,0.06%,0.03%,100.00%,100.00%,2,0,2.78%,0.00%,"₹ 1,294.00",₹ 0.00,2,0
FBA79849,CFM-03,B0FPGDVVCX,B0FPGDVVCX,NexLev Calf Massager | Daily Use Leg Massager for Sore Muscle | Hand Like Massage with Air Compression | Improve Blood Circulation & Relieve Pain | 2500 mAh | Large Belt | Type C |CFM-03|Pack of 2,10,2,0.01%,0.09%,10,2,0.01%,0.06%,90.00%,100.00%,2,0,20.00%,0.00%,"₹ 7,998.00",₹ 0.00,2,0
FBA78994,NP-01,B0CDQ98FDM,B0CDQ98FDM,"nexlev Travel Neck Pillow | Orthopedic Premium Memory Foam | for Airplane, Car, Train, Office use & Cervical Pain | Machine Washable | 360 Support | Carry Pouch for Storage | NP-01",35,1,0.03%,0.04%,43,4,0.02%,0.13%,70.00%,100.00%,1,0,2.86%,0.00%,₹ 549.00,₹ 0.00,1,0
FBA79333,HM-02,B0D63DTKQB,B0D63DTKQB,NexLev 2 in 1 Scalp Massager & red Light Therapy |LED Massage Comb for Hair Growth | 96 Tangle Free Silicone Kneading Nodes | Hand Like Head Massage | 120 Min Runtime | Type C | Washable Heads | HM-02,286,3,0.21%,0.13%,387,4,0.22%,0.13%,3.10%,0.00%,1,0,0.35%,0.00%,"₹ 1,599.00",₹ 0.00,1,0
FBA79278,HD-01,B0D86ZC9YT,B0D86ZC9YT,Nexlev Just Style Pro Hair Dryer |2100 W for Quick & Easy Blowdry | Double Heat Protection Technology | 3 Heat Settings & Cool Shot Function For Salon-Like Styling at Home (HD-01),127,2,0.09%,0.09%,145,4,0.08%,0.13%,3.60%,0.00%,1,0,0.79%,0.00%,"₹ 1,499.00",₹ 0.00,1,0
FBA79405,HSB-03,B0D9KFP4MG,B0D9KFP4MG,NexLev Ionic Hair Straightener Brush |Frizz-Free Straightening upto 12 H |Ceramic Tourmaline Coated| 60mm Wide Brush | 130-210° |Keratin Bristles| Thermo Protect Technology |No Scalp Burn|1500W|HSB-03,697,7,0.51%,0.30%,927,9,0.52%,0.29%,31.71%,0.00%,1,0,0.14%,0.00%,₹ 0.00,₹ 0.00,1,0
FBA79474,TIC-03,B0DJFH4K8B,B0DJFH4K8B,NexLev Cordless Tyre Inflator for Cars & Bikes|150 PSI| 2x2000 mAh Powerbank| Type-C Port| 5 Pre Set Mode|Auto Shut-Off |Digital Display| LED Light | Multiple Nozzles| AER Pro TIC-03,118,2,0.09%,0.09%,145,2,0.08%,0.06%,83.97%,0.00%,1,0,0.85%,0.00%,₹ 0.00,₹ 0.00,1,0
FBA79475,TIC-04,B0DJFJZMC6,B0DJFJZMC6,"Nexlev Cordless & Corded Tyre Inflator|150 PSI| 6000 mAh Powerbank|LED Light | Type C Port |Digital Display| 5 Pre-Set Modes|Auto Shut-Off |Multiple Nozzles for Cars, Bikes, Cycle| AER Pro Max TIC-04",176,4,0.13%,0.17%,219,4,0.12%,0.13%,94.50%,100.00%,1,0,0.57%,0.00%,"₹ 2,299.00",₹ 0.00,1,0
FBA79483,TM-03,B0DK9NRBWJ,B0DK9NRBWJ,NexLev Intimate Trimmer for Men|Ceramic Blade|120 Min Runtime|Type C Charge | IPX7 Waterproof | 7000RPM Copper Motor| Cordless|LED Light| Travel Lock| Wet/Dry Groin & Body Shaver | Intimate Pro TM-03,22,0,0.02%,0.00%,32,0,0.02%,0.00%,35.71%,0.00%,1,0,4.55%,0.00%,"₹ 1,133.00",₹ 0.00,1,0
FBK79271,V-01 RG,B0DQ8W1RBV,B0DQ8W1RBV,"NexLev Ionic Hot Air Brush | 3 in 1 Blow Dryer, Straightener, Volumizer & Styler | 360° Airflow Vents | Ceramic Tourmaline Coated Brushing Head | Tangle Free Bristle |3 Speed & 2 Heat Settings|V-01RG",342,2,0.25%,0.09%,480,5,0.27%,0.16%,16.67%,0.00%,1,0,0.29%,0.00%,"₹ 1,483.00",₹ 0.00,1,0
FBA79698,SS-01(New),B0DTK4FY1G,B0DTK4FY1G,"NexLev Spin Scrubber with Soap Spray | 6 heads| For Kitchen, Tub, Glass, Complete cleaning tool for Home, Office & Car| 90 min runtime | 4500 mAh | Cordless Type C | Adjustable Handle|SS-01, White",425,9,0.31%,0.39%,523,18,0.29%,0.58%,93.14%,75.00%,1,0,0.24%,0.00%,"₹ 2,499.00",₹ 0.00,1,0
FBA79606,LR-01 Set of 2 blades,B0F2N37819,B0F2N37819,NexLev Replacement Stainless Steel Blades (Set of 2) | Compatible with NexLev Lint Remover LR-01 | Sharp & Durable Blades for Effective Fabric Defuzzing | Easy to Replace | Smooth & Safe Performance,122,3,0.09%,0.13%,157,3,0.09%,0.10%,100.00%,100.00%,1,0,0.82%,0.00%,₹ 375.00,₹ 0.00,1,0
FBA79777,AP-01 HEPA,B0F6795PDP,B0F6795PDP,Nexlev Professional Air Purifier HEPA Filter for Model A6,349,19,0.25%,0.82%,455,22,0.26%,0.71%,99.37%,100.00%,1,0,0.29%,0.00%,"₹ 3,599.00",₹ 0.00,1,0
FBA79772,SC-02 Set of Spares,B0F67BSF2R,B0F67BSF2R,"NexLev Replacement Accessory Kit for Steam Cleaner SC-02 | Multipurpose Cleaning Attachments for Home, Kitchen, Bathroom & Car",284,4,0.21%,0.17%,427,7,0.24%,0.23%,100.00%,0.00%,1,0,0.35%,0.00%,₹ 399.00,₹ 0.00,1,0
FBA79598,BM-02,B0FM3KVSHW,B0FM3KVSHW,NexLev Neck & Back Massager | Deep Tissue Shiatsu Roller | Cervical Pain Relief | 3 Speeds | 8 Kneading Nodes | Quick Pain Relief | Auto Shut Off | 1 year Warranty | BM-02,14,0,0.01%,0.00%,20,0,0.01%,0.00%,100.00%,0.00%,3,0,21.43%,0.00%,"₹ 5,577.00",₹ 0.00,1,0
FBA78995,NP-02,B0CDQ55W2M,B0CDQ55W2M,"nexlev Travel Neck Pillow | Orthopedic Premium Memory Foam | for Airplane, Car, Train, Office use & Cervical Pain | Machine Washable | 360 Support | Carry Pouch for Storage | NP-02",13,1,0.01%,0.04%,14,2,0.01%,0.06%,85.71%,100.00%,0,0,0.00%,0.00%,₹ 0.00,₹ 0.00,0,0
FBA78998,NP-05,B0CDQ5NBH8,B0CDQ5NBH8,nexlev Premium Memory Foam Neck Pillow with 360-Degree Head Support | Lightweight Comfortable Travel Pillow with Storage Bag for Sleeping | Traveling Flight Car Train Bus and Home Use NP-05 (Pink),3,0,0.00%,0.00%,4,0,0.00%,0.00%,0.00%,0.00%,0,0,0.00%,0.00%,₹ 0.00,₹ 0.00,0,0
FBA78996,NP-03,B0CDQ6G4TC,B0CDQ6G4TC,"nexlev Travel Neck Pillow | Orthopedic Premium Memory Foam | for Airplane, Car, Train, Office use & Cervical Pain | Machine Washable | 360 Support | Carry Pouch for Storage | NP-03",4,1,0.00%,0.04%,4,1,0.00%,0.03%,50.00%,0.00%,0,0,0.00%,0.00%,₹ 0.00,₹ 0.00,0,0
FBA79229,GS-04,B0CQX9ZZMH,B0CQX9ZZMH,NexLev Handheld Garment Steamer |1800 Watts | 25 g/min | 300 ML | Vertical & Horizontal Ironing for Silk Velvet & | Damage Free Steam for all Cloth Types | 25sec quick heat | 3 Brushes | GS-04,7,0,0.01%,0.00%,11,0,0.01%,0.00%,11.11%,0.00%,0,0,0.00%,0.00%,₹ 0.00,₹ 0.00,0,0
FBA79346,ETC-04-WH,B0D25LNDSY,B0D25LNDSY,Nexlev Electric Toothbrush|40000 vibrations/minute| USB Type C| 5 Modes| 2 Min timer| 30 sec Quad Interval| 4 Replaceable Brush Heads With Cover| IPX7 Waterproof| For Adults|Sparkle Pro ETC-04 White,25,2,0.02%,0.09%,37,2,0.02%,0.06%,5.71%,0.00%,0,0,0.00%,0.00%,₹ 0.00,₹ 0.00,0,0
FBA79267,T-02,B0D2LD6BYJ,B0D2LD6BYJ,"NexLev 6-in-1 trimmer | Sensitive Bikini Trimmer for Women | Skin Safe with Rounded Tips & Foil Shaver| Hair Removal for Intimate Areas, Face, Arms, Legs & Body | 90 min Runtime |2H Quick Charge |T-02",116,1,0.08%,0.04%,151,1,0.09%,0.03%,13.53%,0.00%,0,0,0.00%,0.00%,₹ 0.00,₹ 0.00,0,0
FBA79272,HS-01,B0D2LFMY48,B0D2LFMY48,"Nexlev Hair Styling Straightener & Curler| 2 in 1 Hair Styler| 200°C in 30 Seconds| Long Ceramic Floating Plates| Rounded Body for Curls| Plate Lock| Portable HS-01, Hair Straightener Tong - Black",153,0,0.11%,0.00%,164,0,0.09%,0.00%,84.31%,0.00%,0,0,0.00%,0.00%,₹ 0.00,₹ 0.00,0,0
FBA79273,HS-02,B0D2LKB4BJ,B0D2LKB4BJ,"Nexlev Hair Styling Straightener & Curler| 2 in 1 Hair Styler| 200°C in 30 Seconds| Long Ceramic Floating Plates| Rounded Body for Curls| Plate lock| Portable |HS-02, Hair Straightener Tong - Purple",215,0,0.16%,0.00%,251,0,0.14%,0.00%,3.00%,0.00%,0,0,0.00%,0.00%,₹ 0.00,₹ 0.00,0,0
FBA79375,ET-03-BL_N,B0D2P6KF4N,B0D2P6KF4N,Nexlev Sonic Electric Toothbrush| Powerful Sonic technology|Super soft DuPont Bristles| 2 Replaceable Brush Heads with Cover| IPX7 Waterproof| AA Battery|Gentle Oral Care|Smart Smile ET-03 SkyBlue,65,3,0.05%,0.13%,82,3,0.05%,0.10%,100.00%,100.00%,0,0,0.00%,0.00%,₹ 0.00,₹ 0.00,0,0
FBA79332,HM-01,B0D63FKYZ5,B0D63FKYZ5,NexLev Scalp Massager for Stress Relief | Head Massager for Hair Growth | 96 Tangle Free Silicone Kneading Nodes | Hand Like Massage | 120 Min Runtime | Type C | Washable Heads | 3 Modes | HM-01,58,0,0.04%,0.00%,69,0,0.04%,0.00%,1.49%,0.00%,0,0,0.00%,0.00%,₹ 0.00,₹ 0.00,0,0
FBA79347,ETC-05-PI,B0D842173P,B0D842173P,Nexlev Electric Toothbrush| 40000 vibrations/min|USB Type C| 5 Modes| 2 Min timer| 30 sec Quad Interval| 4 Replaceable Brushheads With Cover| IPX7 Waterproof| For Adults|Sparkle Pro ETC-05 Sunset Pink,12,0,0.01%,0.00%,16,0,0.01%,0.00%,0.00%,0.00%,0,0,0.00%,0.00%,₹ 0.00,₹ 0.00,0,0
FBA79443,LE-03,B0D9KFQG8Q,B0D9KFQG8Q,"Nexlev Skin Scrubber |Red & Blue LED Therapy| Blackhead Remover| Pore Cleaner| Skin Lifting & tightening, wrinkle remover| 2 Silicone Cleaning Heads| Facial Cleansing|Type C Charging| Elixir Pro LE-03",213,5,0.15%,0.22%,229,7,0.13%,0.23%,99.56%,100.00%,0,0,0.00%,0.00%,₹ 0.00,₹ 0.00,0,0
FBA79469,LE-04,B0DCK4DR1B,B0DCK4DR1B,Nexlev Skin Lift Device | 7 Color LED | Face & Neck Skin Lifting| 3 Massage Modes| Face Sculpting Tool |Micro-currents to reduce Wrinkles| Hot Compress | Rechargeable| Type-C| 180 Min Use| Glow+ LE-04,115,2,0.08%,0.09%,150,2,0.08%,0.06%,9.92%,0.00%,0,0,0.00%,0.00%,₹ 0.00,₹ 0.00,0,0
FBA79480,VC-03,B0DDC3GVZW,B0DDC3GVZW,nexlev Cordless Electric Car Vacuum Cleaner VacuSafe| Seat-Belt Cutter| Window Breaker Hammer| LED Torch|4000 mAh| High Power Suction | Copper Motor| Type-C Emergency Car Escape Tool| Portable| VC-03,85,3,0.06%,0.13%,101,3,0.06%,0.10%,97.03%,50.00%,0,0,0.00%,0.00%,₹ 0.00,₹ 0.00,0,0
FBA79489,KE-02,B0DFD123P5,B0DFD123P5,"Nexlev MultiPurpose Electric Food Kettle|1.5 L Ceramic Pot | 600W| Boil, Steam, Fry, Saute| Double Layered Body| 2 Temperature Settings| Multi Cooker for Water, Egg, Tea, Soup, Noodles, Rice| KE-02","2,095",32,1.52%,1.38%,"3,137",54,1.77%,1.74%,0.35%,0.00%,0,0,0.00%,0.00%,₹ 0.00,₹ 0.00,0,0
FBA79466,TI-01,B0DFM4JZV9,B0DFM4JZV9,"Nexlev Tyre Inflator for Car | Touch Control |150 PSI |12V DC| 4 Nozzles | Digital Tyre Pressure Gauge| Carry Bag | Suitable for Bike, Bicycle or Any Inflatable | Emergency LED Light | TI-01",28,1,0.02%,0.04%,34,1,0.02%,0.03%,100.00%,100.00%,0,0,0.00%,0.00%,₹ 0.00,₹ 0.00,0,0
FBA79481,TM-02,B0DFMRG2K4,B0DFMRG2K4,"NexLev All in One Body Trimmer for Men | Suitable for Beard, Body, Balls, Pubic Hair, Private Parts | 90 Min Runtime |Type C | IPX 7 Waterproof | No Nicks No Cuts | 2 Safety Combs| Extra Blade | TM-02",79,0,0.06%,0.00%,94,0,0.05%,0.00%,14.44%,0.00%,0,0,0.00%,0.00%,₹ 0.00,₹ 0.00,0,0
FBA79485,TM-04,B0DK9QNKK8,B0DK9QNKK8,"NexLev 2 in 1 Nose, Ear & Body Trimmer for Men| Ceramic Blade| 7000 RPM Copper Motor| Type C Charge| 90 Min Runtime| IPX7 Waterproof| Cordless| Overcharge Protection|TM-04",37,1,0.03%,0.04%,43,1,0.02%,0.03%,2.44%,0.00%,0,0,0.00%,0.00%,₹ 0.00,₹ 0.00,0,0
FBA79566,VC-05,B0DKJSCLBD,B0DKJSCLBD,"NexLev Cordless Wet & Dry Vacuum Cleaner|For Home Car & Office Use|3 Attachments |HEPA to capture dust | 4000 mAh Battery|Quick Cleaning of Desk, Coffee tea or Water Spill | Compact & Portable | VC-05",69,1,0.05%,0.04%,93,2,0.05%,0.06%,73.26%,100.00%,0,0,0.00%,0.00%,₹ 0.00,₹ 0.00,0,0
FBA79565,VC-04,B0DKJZDY72,B0DKJZDY72,nexlev Cordless Vacuum Cleaner & Blower |BLDC Copper Motor |HEPA with Stainless Steel Cover | for Home Office & Car Cleaning|4 Attachments | Blower for Dust & Inflatables | Portable & Compact | VC-04,96,0,0.07%,0.00%,115,0,0.06%,0.00%,92.16%,0.00%,0,0,0.00%,0.00%,₹ 0.00,₹ 0.00,0,0
FBA79591,KM-01,B0DM66B2DW,B0DM66B2DW,"NexLev Knee Massager for Joint Pain Relief |Controlled Vibration & Heating for Arthritis, Knee, Shoulder or Elbow pain | 15 modes |2 Extension Belt |Graphene Heating pad for Consistent Heating | KM-01",0,0,0.00%,0.00%,0,0,0.00%,0.00%,0.00%,0.00%,0,0,0.00%,0.00%,₹ 0.00,₹ 0.00,0,0
FBA79596,MG-01,B0DMT19RWC,B0DMT19RWC,"NexLev Massage Gun |Full Body- Neck, Shoulders, Back, Arms & Feet Pain Relief|Handheld Deep Tissue Massager| 4 Heads| 99 Gears Levels| 3 Modes| 3800 RPM| 1800mAh Battery|Type-C Interface|MG-01",13,0,0.01%,0.00%,14,0,0.01%,0.00%,100.00%,0.00%,0,0,0.00%,0.00%,₹ 0.00,₹ 0.00,0,0
FBA79484,CF-01,B0DNJF1BLS,B0DNJF1BLS,nexlev Drip Coffee Maker |Filter Coffee for Home & Office | 4-6 Cups | Warming Plate|Borosilicate Carafe | Reusable & Washable Filter | Anti Drip | 750 ml | Cone Filter | Water Level Indicator |CF-01,130,4,0.09%,0.17%,167,7,0.09%,0.23%,91.10%,100.00%,0,0,0.00%,0.00%,₹ 0.00,₹ 0.00,0,0
FBA79598,BM-02,B0DNJJKBKG,B0DNJJKBKG,NexLev Neck & Back Massager | Deep Tissue Shiatsu Roller | Cervical Pain Relief | 3 Speeds | 8 Kneading Nodes | Quick Pain Relief | Auto Shut Off | 1 year Warranty | BM-02,64,1,0.05%,0.04%,83,1,0.05%,0.03%,100.00%,100.00%,0,0,0.00%,0.00%,₹ 0.00,₹ 0.00,0,0
FBA79492,V-02,B0DT6Y7KJM,B0DT6Y7KJM,"NexLev Ionic 4 in 1 Hot Air Brush + Straightener | 2 Step Styler Volumizer | Blow Dryer, Styler, Straightener & Waves | 360° Airflow | Tangle Free Bristle |Ceramic Tourmaline Coated Barrel | 1200W | V-02",125,1,0.09%,0.04%,157,1,0.09%,0.03%,29.66%,0.00%,0,0,0.00%,0.00%,₹ 0.00,₹ 0.00,0,0
FBA79688,MM-01,B0DV8TR64D,B0DV8TR64D,NexLev Full Body Massage Chair Mat | Deep Tissue Massage with 22 Air Compression Bags | Remote Control | Heat Therapy | Spa at Home | Foldable & Compact Design | Ideal for Back & Shoulder Pain MM-01,166,8,0.12%,0.34%,182,12,0.10%,0.39%,94.44%,100.00%,0,0,0.00%,0.00%,₹ 0.00,₹ 0.00,0,0
FBA79676,HB-01,B0DV91JGF1,B0DV91JGF1,NexLev Orthopaedic Heat and Massage Belt | Massager for Lower Back Shoulder Cramps and Neck Pain Relief | 3 massage Modes | 2 intensities | Heat for Soothing Sore Muscles | 30 min Auto Shut off |HB-01,13,2,0.01%,0.09%,17,4,0.01%,0.13%,100.00%,100.00%,0,0,0.00%,0.00%,₹ 0.00,₹ 0.00,0,0
FBA79690,PM-02,B0DV931G48,B0DV931G48,"NexLev Cordless Body Massager | Neck, Shoulder, Back, Legs & Thigh Pain Relief | 10 Intensity and 12 Modes | 6 Attachments | Deep Tissue Kneading for Complete Pain Relief | Charging Indicator | PM-02",10,0,0.01%,0.00%,11,0,0.01%,0.00%,100.00%,0.00%,0,0,0.00%,0.00%,₹ 0.00,₹ 0.00,0,0
FBA79686,MGS-02,B0DV94R4QD,B0DV94R4QD,NexLev Massage Gun | Body Massager |6 Speed for Body Relaxation and Muscle Recovery | 4 Attachment| Compact & Portable Design | For Neck Shoulder Back Foot Calf | 1H Use Time |For Men & Women |MGS-02,11,0,0.01%,0.00%,11,0,0.01%,0.00%,100.00%,0.00%,0,0,0.00%,0.00%,₹ 0.00,₹ 0.00,0,0
FBA79687,MGC-03,B0DV9CY3XR,B0DV9CY3XR,NexLev Massage Gun | Body Shoulder Neck Feet Calf & Back Massager | Cold Therapy for Muscle Recovery | 60° Heat Therapy for Relaxation | 6 Attachments | 6 Mode | Portable & Compact Design | MGC-03,20,1,0.01%,0.04%,22,2,0.01%,0.06%,100.00%,100.00%,0,0,0.00%,0.00%,₹ 0.00,₹ 0.00,0,0
FBA79693,TM-05,B0DVC91Q7J,B0DVC91Q7J,NexLev Body & Intimate Trimmer for Men | Pubic Hair - Private Part Trimmer and Body Groomer |Vacuum for Mess Free Trimming | Ceramic Blades | Curved Edge for Safety | IPX7 Waterproof | TypeC |TM-05,36,1,0.03%,0.04%,38,1,0.02%,0.03%,92.11%,0.00%,0,0,0.00%,0.00%,₹ 0.00,₹ 0.00,0,0
FBA79677,NP-06,B0DVCBR11D,B0DVCBR11D,"nexlev Travel Neck Pillow | Orthopedic Premium Memory Foam | for Airplane, Car, Train, Office use & Cervical Pain | Machine Washable | 360 Support | Carry Pouch for Storage | NP-06",5,1,0.00%,0.04%,7,3,0.00%,0.10%,100.00%,100.00%,0,0,0.00%,0.00%,₹ 0.00,₹ 0.00,0,0
FBA79678,NP-07,B0DVCDD5VC,B0DVCDD5VC,"nexlev Travel Neck Pillow | Orthopedic Premium Memory Foam | for Airplane, Car, Train, Office use & Cervical Pain | Machine Washable | 360 Support | Carry Pouch for Storage | NP-07",5,0,0.00%,0.00%,5,0,0.00%,0.00%,100.00%,0.00%,0,0,0.00%,0.00%,₹ 0.00,₹ 0.00,0,0
FBA79717,SPM-01 Set of 2 Mops,B0F2MZ9BJS,B0F2MZ9BJS,NexLev Replacement Mop Pads (Set of 2) | Compatible with NexLev Cordless Spin Mop SPM-01 | Soft Microfiber Cleaning Pads | Washable & Reusable | for All Floor Types | Easy to Attach & Remove,11,1,0.01%,0.04%,15,2,0.01%,0.06%,100.00%,100.00%,0,0,0.00%,0.00%,₹ 0.00,₹ 0.00,0,0
FBA79607,LR-02 Set of 2 blades,B0F2N11VTN,B0F2N11VTN,NexLev Replacement Stainless Steel Blades (Set of 2) | Compatible with NexLev Lint Remover LR-02 | Sharp & Durable Blades for Effective Fabric Defuzzing | Easy to Replace | Smooth & Safe Performance,62,2,0.05%,0.09%,71,2,0.04%,0.06%,100.00%,0.00%,0,0,0.00%,0.00%,₹ 0.00,₹ 0.00,0,0
FBA79657,SS-02 Set of Spares,B0F2N31GNX,B0F2N31GNX,NexLev Replacement Accessory Kit for Spin Scrubber SS-02 | Multipurpose Cleaning Heads for Home & Car,3,0,0.00%,0.00%,3,0,0.00%,0.00%,100.00%,0.00%,0,0,0.00%,0.00%,₹ 0.00,₹ 0.00,0,0
FBA79771,SC-01 Set of Spares,B0F678L8YT,B0F678L8YT,"NexLev Replacement Accessory Kit for Steam Cleaner SC-01 | Multipurpose Cleaning Attachments for Home, Kitchen, Bathroom & Car",154,9,0.11%,0.39%,166,11,0.09%,0.35%,98.75%,100.00%,0,0,0.00%,0.00%,₹ 0.00,₹ 0.00,0,0
FBA79778,AP-03 HEPA,B0F67BW7SF,B0F67BW7SF,NexLev Smart Air Purifier HEPA Filter for Model AP220,0,0,0.00%,0.00%,0,0,0.00%,0.00%,0.00%,0.00%,0,0,0.00%,0.00%,₹ 0.00,₹ 0.00,0,0
FBA79707,ETC-08-BL,B0FJ1ZB4G9,B0FJ1ZB4G9,Nexlev Electric Toothbrush| 40000 vibrations/min|USB Type C| 5 Modes| 2 Min timer| 30 sec Quad Interval| 4 Replaceable Brush Heads With Cover| IPX7 Waterproof| For Adults| ETC-08 MidNight Blue,37,1,0.03%,0.04%,49,1,0.03%,0.03%,88.64%,0.00%,0,0,0.00%,0.00%,₹ 0.00,₹ 0.00,0,0
FBA79809,KE-03,B0FJ8SFNRH,B0FJ8SFNRH,"NexLev Grand Electric Water Kettle | 1.8 L | 1500 Watts | Stainless Steel | For Home, Office | Auto Cut Off | For Boiling Water, making Tea & Coffee, Instant Noodles, Soup | Cool Touch Handle |KE-03",13,0,0.01%,0.00%,15,0,0.01%,0.00%,100.00%,0.00%,0,0,0.00%,0.00%,₹ 0.00,₹ 0.00,0,0
FBA79810,MF-01,B0FS7T8151,B0FS7T8151,NexLev Rechargeable Milk Frother & Coffee Whisker | 3 Speed | Stainless Steel Dual Spring Tech | Perfect for Coffee Lattes Milk Hot Chocolate Omlete & Cream | Handheld Beater for Foam |MF-01,29,0,0.02%,0.00%,34,0,0.02%,0.00%,100.00%,0.00%,0,0,0.00%,0.00%,₹ 0.00,₹ 0.00,0,0
FBA79912,SC-05 SC-05 - Set of Spares,B0FYNKYJFN,B0FYNKYJFN,"NexLev Replacement Accessory Kit for Steam Cleaner SC-05 | Multipurpose Cleaning Attachments for Home, Kitchen, Bathroom & Car",3,0,0.00%,0.00%,6,0,0.00%,0.00%,100.00%,0.00%,0,0,0.00%,0.00%,₹ 0.00,₹ 0.00,0,0
FBA79569,LE-06,B0G1YKMFWT,B0G1YKMFWT,Nexlev Red Light Therapy Wand for Face and Neck| EMS Skincare Massager | Microcurrent| Glass Skin Therapy| Wrinkle Reduction| Anti-Aging Skin Tightening Machine| Face Sculpting Tool| LE-06,8,0,0.01%,0.00%,12,0,0.01%,0.00%,100.00%,0.00%,0,0,0.00%,0.00%,₹ 0.00,₹ 0.00,0,0
FBA78981,SC-01,B0CDPP45BM,B0CDPP45BM,"NexLev Steam Cleaner | For Complete Home Kitchen Bathroom Car Sofa & Office Cleaning Machine | 9 Accessories |300 ML | Window Pane, Sink, Chimney Grease, Water Stain Cleaner| 4 Mtr Cord | 1000W |SC-01","9,340",166,4.36%,4.25%,"12,541",229,4.46%,4.28%,93.25%,96.36%,69,2,0.74%,1.20%,"₹ 2,46,801.00","₹ 7,198.00",69,2
FBA79591,KM-01,B0DM66B2DW,B0DM66B2DW,"NexLev Knee Massager for Joint Pain Relief |Controlled Vibration & Heating for Arthritis, Knee, Shoulder or Elbow pain | 15 modes |2 Extension Belt |Graphene Heating pad for Consistent Heating | KM-01",508,22,0.24%,0.56%,690,30,0.25%,0.56%,76.86%,93.33%,13,1,2.56%,4.55%,"₹ 17,388.00","₹ 1,449.00",13,1
FBA79373,ET-01-BK_N,B0D2P5TGWK,B0D2P5TGWK,NexLev Smart Electric Toothbrush for Adults | 2-Min Timer with Quadpacer | 2 Replaceable Heads | AAA Battery | 3 Cleaning Modes | Upto 60 Days | Waterproof | Travel Case | Soft Bristles | ET-01 Black,678,5,0.32%,0.13%,934,10,0.33%,0.19%,37.08%,100.00%,9,2,1.33%,40.00%,"₹ 2,691.00",₹ 598.00,9,2
FBK79271,V-01 RG,B0DQ8W1RBV,B0DQ8W1RBV,"NexLev Ionic Hot Air Brush | 3 in 1 Blow Dryer, Straightener, Volumizer & Styler | 360° Airflow Vents | Ceramic Tourmaline Coated Brushing Head | Tangle Free Bristle |3 Speed & 2 Heat Settings|V-01RG",860,5,0.40%,0.13%,"1,242",11,0.44%,0.21%,52.66%,100.00%,9,0,1.05%,0.00%,"₹ 13,491.00",₹ 0.00,9,0
FBA79263,MR-01,B0CYSLCRQS,B0CYSLCRQS,"nexlev Mattress, Sofa & Carpet Vacuum Cleaner | for Dust Mites, Allergens & Pet Hair | 4 Step Cleansing with Double Beat, UV Light, Dehumidification & Vacuum | HEPA captures 99.99% Dust|MR-01","46,754",814,21.82%,20.85%,"56,386","1,001",20.07%,18.71%,31.37%,57.76%,8,1,0.02%,0.12%,"₹ 23,592.00","₹ 2,949.00",8,1
FBA79374,ET-02-GN_N,B0D2P7WLJB,B0D2P7WLJB,NexLev Smart Electric Toothbrush for Adults | 2 Min Timer with Quadpacer | 2 Replaceable Heads | AAA Battery Powered | 2 Cleaning Modes | Upto 60 Days | Waterproof | Travel Case | Soft Bristles | ET-02 Green,416,8,0.19%,0.20%,571,13,0.20%,0.24%,27.64%,80.00%,8,2,1.92%,25.00%,"₹ 2,392.00",₹ 598.00,7,1
FBA79590,CFM-01,B0DM6BB3VT,B0DM6BB3VT,NexLev Calf Massager | Daily Use Leg Massager for Sore Muscle |1 Piece | Hand Like Massage with Air Compression | Improve Blood Circulation & Relieve Pain | 2500 mAh | Large Belt | Type C |CFM-01,392,11,0.18%,0.28%,563,16,0.20%,0.30%,17.39%,8.33%,3,0,0.77%,0.00%,"₹ 8,997.00",₹ 0.00,3,0
FBA79333,HM-02,B0D63DTKQB,B0D63DTKQB,NexLev 2 in 1 Scalp Massager & red Light Therapy |LED Massage Comb for Hair Growth | 96 Tangle Free Silicone Kneading Nodes | Hand Like Head Massage | 120 Min Runtime | Type C | Washable Heads | HM-02,286,3,0.13%,0.08%,387,4,0.14%,0.07%,5.63%,100.00%,1,0,0.35%,0.00%,"₹ 1,462.00",₹ 0.00,1,0
FBA79439,MR-02,B0DCK7ZH5P,B0DCK7ZH5P,"NexLev Mattress, Sofa, Carpet & Car Seat Vacuum Cleaner|For Dust Mites Allergens & Pet Hair|Cordless Design|1500*3 mAh |UV Sterilization, Double Beat Technology|Type C| HEPA captures 99.99% Dust|MR-02",902,24,0.42%,0.61%,"1,135",32,0.40%,0.60%,10.88%,25.00%,1,0,0.11%,0.00%,"₹ 3,299.00",₹ 0.00,1,0
FBA79488,KE-01,B0DFCG2VGS,B0DFCG2VGS,"Nexlev Multi Purpose Electric Food Kettle|1.8L Stainless Steel Pot| 600W|Boil, Steam, Fry, Saute| Double Layered Body|2 Heat Settings|Multi Function for Water, Milk, Egg, Soup, Noodles|KE-01","1,274",25,0.59%,0.64%,"1,892",48,0.67%,0.90%,4.98%,93.33%,1,0,0.08%,0.00%,"₹ 1,749.00",₹ 0.00,1,0
FBA79489,KE-02,B0DFD123P5,B0DFD123P5,"Nexlev MultiPurpose Electric Food Kettle|1.5 L Ceramic Pot | 600W| Boil, Steam, Fry, Saute| Double Layered Body| 2 Temperature Settings| Multi Cooker for Water, Egg, Tea, Soup, Noodles, Rice| KE-02",561,9,0.26%,0.23%,791,9,0.28%,0.17%,39.13%,80.00%,1,0,0.18%,0.00%,"₹ 1,549.00",₹ 0.00,1,0
FBA79599,VC-06,B0DRD8J8R5,B0DRD8J8R5,nexlev Handheld Vacuum Cleaner| 600 W | 17.5 Kpa Suction | 5 M Cord | Lightweight | Washable Hepa Filter and Dust Container| 4 Attachments | Compact Size | Home & Office Use| VC-06,725,12,0.34%,0.31%,838,16,0.30%,0.30%,34.94%,70.00%,1,0,0.14%,0.00%,"₹ 1,399.00",₹ 0.00,1,0
FBA78995,NP-02,B0CDQ55W2M,B0CDQ55W2M,"nexlev Travel Neck Pillow | Orthopedic Premium Memory Foam | for Airplane, Car, Train, Office use & Cervical Pain | Machine Washable | 360 Support | Carry Pouch for Storage | NP-02",13,1,0.01%,0.03%,14,2,0.00%,0.04%,0.00%,0.00%,0,0,0.00%,0.00%,₹ 0.00,₹ 0.00,0,0
FBA78998,NP-05,B0CDQ5NBH8,B0CDQ5NBH8,nexlev Premium Memory Foam Neck Pillow with 360-Degree Head Support | Lightweight Comfortable Travel Pillow with Storage Bag for Sleeping | Traveling Flight Car Train Bus and Home Use NP-05 (Pink),3,0,0.00%,0.00%,4,0,0.00%,0.00%,66.67%,0.00%,0,0,0.00%,0.00%,₹ 0.00,₹ 0.00,0,0
FBA78994,NP-01,B0CDQ98FDM,B0CDQ98FDM,"nexlev Travel Neck Pillow | Orthopedic Premium Memory Foam | for Airplane, Car, Train, Office use & Cervical Pain | Machine Washable | 360 Support | Carry Pouch for Storage | NP-01",35,1,0.02%,0.03%,43,4,0.02%,0.07%,2.50%,0.00%,0,0,0.00%,0.00%,₹ 0.00,₹ 0.00,0,0
FBA79267,T-02,B0D2LD6BYJ,B0D2LD6BYJ,"NexLev 6-in-1 trimmer | Sensitive Bikini Trimmer for Women | Skin Safe with Rounded Tips & Foil Shaver| Hair Removal for Intimate Areas, Face, Arms, Legs & Body | 90 min Runtime |2H Quick Charge |T-02",116,1,0.05%,0.03%,151,1,0.05%,0.02%,0.00%,0.00%,0,0,0.00%,0.00%,₹ 0.00,₹ 0.00,0,0
FBA79272,HS-01,B0D2LFMY48,B0D2LFMY48,"Nexlev Hair Styling Straightener & Curler| 2 in 1 Hair Styler| 200°C in 30 Seconds| Long Ceramic Floating Plates| Rounded Body for Curls| Plate Lock| Portable HS-01, Hair Straightener Tong - Black",153,0,0.07%,0.00%,164,0,0.06%,0.00%,3.27%,0.00%,0,0,0.00%,0.00%,₹ 0.00,₹ 0.00,0,0
FBA79268,GS-05,B0D383WQPB,B0D383WQPB,NexLev Foldable Garment Steamer for Home & Travel | Convenient Vertical Steaming | 1200W | 120 ml | Lightweight & Compact | 30s Fast Heating | Iron for all Cloth Types | 2 M cord | Anti Spill | GS-05,"2,386",61,1.11%,1.56%,"3,045",82,1.08%,1.53%,1.17%,100.00%,0,0,0.00%,0.00%,₹ 0.00,₹ 0.00,0,0
FBA79352,WF-02-BL,B0D637B562,B0D637B562,Nexlev Splash Pet Water Fountain with LED Light | 2.0L Capacity | Ultra Quiet Cat Drinking Fountain with Filter | Automatic Pet Water Fountain for Cats and Small Dogs | Blue (WF-02-BL),165,6,0.08%,0.15%,234,8,0.08%,0.15%,2.03%,80.00%,0,0,0.00%,0.00%,₹ 0.00,₹ 0.00,0,0
FBA79332,HM-01,B0D63FKYZ5,B0D63FKYZ5,NexLev Scalp Massager for Stress Relief | Head Massager for Hair Growth | 96 Tangle Free Silicone Kneading Nodes | Hand Like Massage | 120 Min Runtime | Type C | Washable Heads | 3 Modes | HM-01,58,0,0.03%,0.00%,69,0,0.02%,0.00%,0.00%,0.00%,0,0,0.00%,0.00%,₹ 0.00,₹ 0.00,0,0
FBA79277,SC-03,B0D672NXC8,B0D672NXC8,"Nexlev SWIPE Steam Cleaner | 3.5 Bar Strong Steam|Multipurpose Steam Cleaner for Car, Kitchen, Bathroom, Floor, Window, Glass, Upholstery| 8 Accessories Kit|Safety Lock| Large 700ML Water Tank | SC-03",0,0,0.00%,0.00%,0,0,0.00%,0.00%,0.00%,0.00%,0,0,0.00%,0.00%,₹ 0.00,₹ 0.00,0,0
FBA79271,V-01,B0D83Q7L8W,B0D83Q7L8W,"NexLev Ionic Hot Air Brush | 3 in 1 Blow Dryer, Straightener, Volumizer & Styler | 360° Airflow Vents | Ceramic Tourmaline Coated Brushing Head | Tangle Free Bristle |3 Speed & 2 Heat Settings | V-01",0,0,0.00%,0.00%,0,0,0.00%,0.00%,0.00%,0.00%,0,0,0.00%,0.00%,₹ 0.00,₹ 0.00,0,0
FBA79347,ETC-05-PI,B0D842173P,B0D842173P,Nexlev Electric Toothbrush| 40000 vibrations/min|USB Type C| 5 Modes| 2 Min timer| 30 sec Quad Interval| 4 Replaceable Brushheads With Cover| IPX7 Waterproof| For Adults|Sparkle Pro ETC-05 Sunset Pink,12,0,0.01%,0.00%,16,0,0.01%,0.00%,28.57%,0.00%,0,0,0.00%,0.00%,₹ 0.00,₹ 0.00,0,0
FBA79279,LR-01,B0D8445KJN,B0D8445KJN,"NexLev Lint Remover | For Woolen Sweaters Shirts Socks Jackets Suede Leggings | Pill, Rue & Burr Remover | 30 Min Use |Type C |Defuzzer | Lint Brush for Coat | 2 Modes | SS Blade | Safety Lock | LR-01",196,1,0.09%,0.03%,246,1,0.09%,0.02%,34.38%,0.00%,0,0,0.00%,0.00%,₹ 0.00,₹ 0.00,0,0
FBA79280,LR-02,B0D845B2DG,B0D845B2DG,"NexLev Lint Remover | for Woolen Sweaters Shirts Socks Jackets Suede Leggings Curtains & Carpets | Pill, Rue & Burr Remover | 120 Min Use |TypeC | Lint Brush for Coat| SS Blade | Safety Lock | LR-02",453,15,0.21%,0.38%,658,22,0.23%,0.41%,0.53%,30.00%,0,0,0.00%,0.00%,₹ 0.00,₹ 0.00,0,0
FBA79278,HD-01,B0D86ZC9YT,B0D86ZC9YT,Nexlev Just Style Pro Hair Dryer |2100 W for Quick & Easy Blowdry | Double Heat Protection Technology | 3 Heat Settings & Cool Shot Function For Salon-Like Styling at Home (HD-01),127,2,0.06%,0.05%,145,4,0.05%,0.07%,0.00%,0.00%,0,0,0.00%,0.00%,₹ 0.00,₹ 0.00,0,0
FBA79381,ETR-06,B0D9KCNVNM,B0D9KCNVNM,Nexlev Oscillating Electric Toothbrush | 8000 vibrations/min | USB Type C Charging|3 modes| 2 Minute Timer |Quad Change Reminder| IPX7 Waterproof | For adults| 1 year warranty| |Sparkle Pro (ETR-06),76,2,0.04%,0.05%,100,2,0.04%,0.04%,2.33%,0.00%,0,0,0.00%,0.00%,₹ 0.00,₹ 0.00,0,0
FBA79405,HSB-03,B0D9KFP4MG,B0D9KFP4MG,NexLev Ionic Hair Straightener Brush |Frizz-Free Straightening upto 12 H |Ceramic Tourmaline Coated| 60mm Wide Brush | 130-210° |Keratin Bristles| Thermo Protect Technology |No Scalp Burn|1500W|HSB-03,697,7,0.33%,0.18%,927,9,0.33%,0.17%,0.37%,100.00%,0,0,0.00%,0.00%,₹ 0.00,₹ 0.00,0,0
FBA79440,LE-02,B0DCGHKRXX,B0DCGHKRXX,NexLev LED Phototherapy comb | Electric Scalp Massager | Red Light for Regrowth | Blue Light for Anti Dandruff | Hairfall Control | Rechargeable TypeC | Targeted Laser Treatment Machine |3 Modes |LE-02,"4,518",10,2.11%,0.26%,"5,669",12,2.02%,0.22%,0.15%,100.00%,0,0,0.00%,0.00%,₹ 0.00,₹ 0.00,0,0
FBA79469,LE-04,B0DCK4DR1B,B0DCK4DR1B,Nexlev Skin Lift Device | 7 Color LED | Face & Neck Skin Lifting| 3 Massage Modes| Face Sculpting Tool |Micro-currents to reduce Wrinkles| Hot Compress | Rechargeable| Type-C| 180 Min Use| Glow+ LE-04,115,2,0.05%,0.05%,150,2,0.05%,0.04%,3.05%,0.00%,0,0,0.00%,0.00%,₹ 0.00,₹ 0.00,0,0
FBA79480,VC-03,B0DDC3GVZW,B0DDC3GVZW,nexlev Cordless Electric Car Vacuum Cleaner VacuSafe| Seat-Belt Cutter| Window Breaker Hammer| LED Torch|4000 mAh| High Power Suction | Copper Motor| Type-C Emergency Car Escape Tool| Portable| VC-03,85,3,0.04%,0.08%,101,3,0.04%,0.06%,0.99%,50.00%,0,0,0.00%,0.00%,₹ 0.00,₹ 0.00,0,0
FBA79464,CM-01-BL,B0DFCDKMWR,B0DFCDKMWR,NexLev Cordless Electric Heating Pad| Period Cramp & Back Pain Relief Massager | 9 modes| Menstrual Cramp Relief|Type C| Crampfree Periods | Portable | Gift for Women| Strap upto 40 Inch |Blue CM-01,"1,113",29,0.52%,0.74%,"1,500",50,0.53%,0.93%,0.15%,10.53%,0,0,0.00%,0.00%,₹ 0.00,₹ 0.00,0,0
FBA79481,TM-02,B0DFMRG2K4,B0DFMRG2K4,"NexLev All in One Body Trimmer for Men | Suitable for Beard, Body, Balls, Pubic Hair, Private Parts | 90 Min Runtime |Type C | IPX 7 Waterproof | No Nicks No Cuts | 2 Safety Combs| Extra Blade | TM-02",79,0,0.04%,0.00%,94,0,0.03%,0.00%,0.00%,0.00%,0,0,0.00%,0.00%,₹ 0.00,₹ 0.00,0,0
FBA79474,TIC-03,B0DJFH4K8B,B0DJFH4K8B,NexLev Cordless Tyre Inflator for Cars & Bikes|150 PSI| 2x2000 mAh Powerbank| Type-C Port| 5 Pre Set Mode|Auto Shut-Off |Digital Display| LED Light | Multiple Nozzles| AER Pro TIC-03,118,2,0.06%,0.05%,145,2,0.05%,0.04%,0.00%,0.00%,0,0,0.00%,0.00%,₹ 0.00,₹ 0.00,0,0
FBA79473,TI-02,B0DJFH6RTL,B0DJFH6RTL,"NexLev Portable Tyre Inflator for Car, Bike, Cycle|150 PSI Pressure| 120 Watt Air Pump|12V Car Plug| Digital Display| Auto Shut-Off| Emergency LED Light| 3m Cord| 3 Air Nozzles| Compact| AER TI-02",45,1,0.02%,0.03%,53,1,0.02%,0.02%,4.08%,100.00%,0,0,0.00%,0.00%,₹ 0.00,₹ 0.00,0,0
FBA79483,TM-03,B0DK9NRBWJ,B0DK9NRBWJ,NexLev Intimate Trimmer for Men|Ceramic Blade|120 Min Runtime|Type C Charge | IPX7 Waterproof | 7000RPM Copper Motor| Cordless|LED Light| Travel Lock| Wet/Dry Groin & Body Shaver | Intimate Pro TM-03,22,0,0.01%,0.00%,32,0,0.01%,0.00%,0.00%,0.00%,0,0,0.00%,0.00%,₹ 0.00,₹ 0.00,0,0
FBA79589,SS-02,B0DNJP9T35,B0DNJP9T35,"NexLev Spin Scrubber|6 Scrubbing Heads| For Kitchen, Bathroom, Tub, Glass | Complete cleaning tool for Home, Office & Car| 90 min runtime | 2600 mAh | Cordless Type C | 2 Modes|Adjustable Handle|SS-02",309,7,0.14%,0.18%,413,9,0.15%,0.17%,1.90%,75.00%,0,0,0.00%,0.00%,₹ 0.00,₹ 0.00,0,0
FBA79698,SS-01(New),B0DTK4FY1G,B0DTK4FY1G,"NexLev Spin Scrubber with Soap Spray | 6 heads| For Kitchen, Tub, Glass, Complete cleaning tool for Home, Office & Car| 90 min runtime | 4500 mAh | Cordless Type C | Adjustable Handle|SS-01, White",425,9,0.20%,0.23%,523,18,0.19%,0.34%,0.42%,12.50%,0,0,0.00%,0.00%,₹ 0.00,₹ 0.00,0,0
FBA79699,SPM-01(New),B0DTYDTKN8,B0DTYDTKN8,NexLev Cordless Spin Mop|50 Min Runtime|2 Extra Mop Pads | Type C | For Home Kitchen & Office Use | Water Spray Function|Self Propelling|Mopping for All Floor Types|LED for Corners and Underbed|SPM-01,421,6,0.20%,0.15%,583,7,0.21%,0.13%,1.00%,100.00%,0,0,0.00%,0.00%,₹ 0.00,₹ 0.00,0,0
FBA79690,PM-02,B0DV931G48,B0DV931G48,"NexLev Cordless Body Massager | Neck, Shoulder, Back, Legs & Thigh Pain Relief | 10 Intensity and 12 Modes | 6 Attachments | Deep Tissue Kneading for Complete Pain Relief | Charging Indicator | PM-02",10,0,0.00%,0.00%,11,0,0.00%,0.00%,0.00%,0.00%,0,0,0.00%,0.00%,₹ 0.00,₹ 0.00,0,0
FBA79679,ST-01,B0DVC7VJP1,B0DVC7VJP1,"NexLev Stand Mixer |5.5L SS Bowl | 1500W |10 Speeds | Pulse Function |Planetary Rotation | Whisk, Beater & Dough Hook|100% Copper Motor | For Roti & Cookie Dough, Cake Making, Whip Cream & more |ST-01","1,711",28,0.80%,0.72%,"2,279",38,0.81%,0.71%,1.21%,100.00%,0,0,0.00%,0.00%,₹ 0.00,₹ 0.00,0,0
FBA79677,NP-06,B0DVCBR11D,B0DVCBR11D,"nexlev Travel Neck Pillow | Orthopedic Premium Memory Foam | for Airplane, Car, Train, Office use & Cervical Pain | Machine Washable | 360 Support | Carry Pouch for Storage | NP-06",5,1,0.00%,0.03%,7,3,0.00%,0.06%,0.00%,0.00%,0,0,0.00%,0.00%,₹ 0.00,₹ 0.00,0,0
FBA79707,ETC-08-BL,B0FJ1ZB4G9,B0FJ1ZB4G9,Nexlev Electric Toothbrush| 40000 vibrations/min|USB Type C| 5 Modes| 2 Min timer| 30 sec Quad Interval| 4 Replaceable Brush Heads With Cover| IPX7 Waterproof| For Adults| ETC-08 MidNight Blue,37,1,0.02%,0.03%,49,1,0.02%,0.02%,2.27%,100.00%,0,0,0.00%,0.00%,₹ 0.00,₹ 0.00,0,0
FBA79493,V-03,B0DQCWRG3H,B0DQCWRG3H,NexLev Ionic 3 in 1 Hot Air Brush|1.5 Inch Barrel |Volumizer Blow Dryer & Styler|Ceramic Tourmaline Coated for Heat Protection|1200W|Dual Bristle for Tangle Free Styling|Salon Like Styles at Home|V-03,"4,986",16,2.22%,0.38%,"6,988",23,2.33%,0.39%,28.82%,0.00%,29,0,0.58%,0.00%,"₹ 56,334.00",₹ 0.00,29,0
FBA79489,KE-02,B0DFD123P5,B0DFD123P5,"Nexlev MultiPurpose Electric Food Kettle|1.5 L Ceramic Pot | 600W| Boil, Steam, Fry, Saute| Double Layered Body| 2 Temperature Settings| Multi Cooker for Water, Egg, Tea, Soup, Noodles, Rice| KE-02","2,095",32,0.93%,0.75%,"3,137",54,1.05%,0.92%,89.54%,84.00%,27,0,1.29%,0.00%,"₹ 43,173.00",₹ 0.00,27,0
FBA79452,VC-01,B0DCGHVN81,B0DCGHVN81,NexLev 2 in 1 Handheld & Stick Vacuum Cleaner | 17500 PA Suction | Dry Vacuuming for Home & Office | Washable HEPA Filter | 4 Adjustable Heads | Bagless| Deep Cleaning for Sofa Bed Window & more|VC-01,"4,624",35,2.06%,0.82%,"6,591",45,2.20%,0.77%,39.92%,33.33%,26,0,0.56%,0.00%,"₹ 49,975.00",₹ 0.00,26,0
FBA79439,MR-02,B0DCK7ZH5P,B0DCK7ZH5P,"NexLev Mattress, Sofa, Carpet & Car Seat Vacuum Cleaner|For Dust Mites Allergens & Pet Hair|Cordless Design|1500*3 mAh |UV Sterilization, Double Beat Technology|Type C| HEPA captures 99.99% Dust|MR-02","7,659",144,3.41%,3.39%,"9,118",176,3.04%,3.01%,48.32%,51.76%,22,2,0.29%,1.39%,"₹ 74,041.00","₹ 6,798.00",22,2
FBA79350,EA-01,B0D67727VG,B0D67727VG,NexLev LED Therapy Oil Applicator | Reduce Dandruff | Improve Hair Growth | EMS for Scalp Improvement | Red & Blue Light | High Frequency Massage for Better Absorption | 10 ML | Waterproof | EA-01,950,31,0.42%,0.73%,"1,309",43,0.44%,0.74%,70.50%,66.67%,22,2,2.32%,6.45%,"₹ 24,178.00","₹ 2,198.00",21,2
FBA79681,HU-01,B0DVC968P1,B0DVC968P1,"NexLev Cool Mist Humidifier | 3.5L| For Office, Indoor Plants, Baby Nursery | Quiet Operation | Works 44Hrs on Low Setting | 360° Nozzle | Auto Shut-Off | Adjustable Knob | Leak Proof | HU-01",568,16,0.25%,0.38%,807,21,0.27%,0.36%,70.49%,66.67%,21,0,3.70%,0.00%,"₹ 33,584.00",₹ 0.00,21,0
FBA79679,ST-01,B0DVC7VJP1,B0DVC7VJP1,"NexLev Stand Mixer |5.5L SS Bowl | 1500W |10 Speeds | Pulse Function |Planetary Rotation | Whisk, Beater & Dough Hook|100% Copper Motor | For Roti & Cookie Dough, Cake Making, Whip Cream & more |ST-01","1,711",28,0.76%,0.66%,"2,279",38,0.76%,0.65%,86.61%,0.00%,14,0,0.82%,0.00%,"₹ 83,706.00",₹ 0.00,14,0
FBA78980,GS-02,B0CDPMX152,B0CDPMX152,NexLev Handheld Garment Steamer | 1500 Watts | 300 ML| Standing & Horizontal Iron Press | Damage Free Steaming for all Cloth Types | 25s Quick Heat |Upto 5 Clothes in One Fill | Travel Friendly |GS-02,"3,472",27,1.54%,0.64%,"4,564",40,1.52%,0.68%,16.27%,50.00%,11,0,0.32%,0.00%,"₹ 22,550.00",₹ 0.00,11,0
FBA79265,CR-01,B0D2LHNS9B,B0D2LHNS9B,"NexLev Foot Callus Remover | Electric Scrubber & Shaver for Dead, Hard & Cracked Skin | Professional Pedicure at Home | Waterproof | Type C | 3 Crystal Quartz Heads | For Men and Women| CR-01",112,1,0.05%,0.02%,156,1,0.05%,0.02%,65.19%,0.00%,9,0,8.04%,0.00%,"₹ 4,823.00",₹ 0.00,9,0
FBA79819,LR-03,B0FT8R24QM,B0FT8R24QM,"NexLev Lint Remover | for Woolen Sweaters Shirts Socks Jackets Suede Leggings Curtains & Carpets |Fabric Brush | Pill, Rue & Burr Remover | Battery Powered| Stainless Steel Blade |Safety Lock | LR-03",287,3,0.13%,0.07%,430,3,0.14%,0.05%,63.54%,0.00%,8,0,2.79%,0.00%,"₹ 3,137.00",₹ 0.00,8,0
FBA79373,ET-01-BK_N,B0D2P5TGWK,B0D2P5TGWK,NexLev Smart Electric Toothbrush for Adults | 2-Min Timer with Quadpacer | 2 Replaceable Heads | AAA Battery | 3 Cleaning Modes | Upto 60 Days | Waterproof | Travel Case | Soft Bristles | ET-01 Black,678,5,0.30%,0.12%,934,10,0.31%,0.17%,25.00%,0.00%,7,0,1.03%,0.00%,"₹ 2,157.00",₹ 0.00,7,0
FBA79573,EA-02,B0DKK15YNJ,B0DKK15YNJ,NexLev Oil Applicator Comb|Red Led Light Therapy |Boost Hair Growth| Reduce Dandruff | Relieve Stress |High Vibration Corded Electric Scalp/Head Massager | 6 ML Oil Tank | 2 Hr Run-Time| Type-C|EA-02,"1,466",37,0.65%,0.87%,"1,912",45,0.64%,0.77%,41.76%,50.00%,7,0,0.48%,0.00%,"₹ 19,488.00",₹ 0.00,7,0
FBA79333,HM-02,B0D63DTKQB,B0D63DTKQB,NexLev 2 in 1 Scalp Massager & red Light Therapy |LED Massage Comb for Hair Growth | 96 Tangle Free Silicone Kneading Nodes | Hand Like Head Massage | 120 Min Runtime | Type C | Washable Heads | HM-02,286,3,0.13%,0.07%,387,4,0.13%,0.07%,90.14%,0.00%,6,0,2.10%,0.00%,"₹ 7,095.00",₹ 0.00,6,0
FBA79406,HSB-04,B0DCK3N2JJ,B0DCK3N2JJ,"NexLev Ionic Cordless Hair Straightener Brush | 60min Runtime | upto 200° Heating | Portable & Type C Rechargeable | Keratin Bristles |Straight, Frizz Free & Shiny Hair | Compact Comb Design | HSB-04","7,951",33,3.54%,0.78%,"10,183",39,3.40%,0.67%,16.17%,5.26%,6,0,0.08%,0.00%,"₹ 14,994.00",₹ 0.00,6,0
FBA79570,BR-01,B0DKJXRXKM,B0DKJXRXKM,NexLev Blackhead & Whitehead Remover Tool | Rechargeable |1Hr Use| Acne & Pimple Pore Cleaner | 6 Heads | Electric Derma Suction Machine | Hydra Facial Cleanser Device for Face |For Men & Women |BR-01,"1,791",38,0.80%,0.89%,"2,478",66,0.83%,1.13%,3.59%,2.56%,6,0,0.34%,0.00%,"₹ 6,396.00",₹ 0.00,6,0
FBA79567,SC-04,B0DNJS23HS,B0DNJS23HS,NexLev 10 in 1 Steam Cleaner & Mop|2 Steam Modes| Mopping & Deep Cleaning Home Car Sofa Bathroom Kitchen & Office |For All Surfaces|350ML|Chemical Free Cleaning | Detachable & Foldable|SC-04,"7,843",102,3.49%,2.40%,"10,462",141,3.49%,2.41%,23.46%,21.05%,6,0,0.08%,0.00%,"₹ 35,218.00",₹ 0.00,6,0
FBK79271,V-01 RG,B0DQ8W1RBV,B0DQ8W1RBV,"NexLev Ionic Hot Air Brush | 3 in 1 Blow Dryer, Straightener, Volumizer & Styler | 360° Airflow Vents | Ceramic Tourmaline Coated Brushing Head | Tangle Free Bristle |3 Speed & 2 Heat Settings|V-01RG",860,5,0.38%,0.12%,"1,242",11,0.41%,0.19%,40.29%,0.00%,6,0,0.70%,0.00%,"₹ 8,994.00",₹ 0.00,6,0
FBA79692,AP-03,B0DVC58QPZ,B0DVC58QPZ,NexLev Smart Air Purifier | Home Room & Office Use upto 220 sq ft |True HEPA 13 Filter | Eliminate 99.99% Virus Dust Smoke Odor Pollen Allergens & Pollutants | Long Filter Life |3 Year Warranty |AP220,"1,695",79,0.75%,1.86%,"2,440",117,0.81%,2.00%,31.59%,30.16%,6,0,0.35%,0.00%,"₹ 27,894.00",₹ 0.00,6,0
FBA79263,MR-01,B0CYSLCRQS,B0CYSLCRQS,"nexlev Mattress, Sofa & Carpet Vacuum Cleaner | for Dust Mites, Allergens & Pet Hair | 4 Step Cleansing with Double Beat, UV Light, Dehumidification & Vacuum | HEPA captures 99.99% Dust|MR-01","46,754",814,20.80%,19.15%,"56,386","1,001",18.80%,17.14%,2.43%,1.08%,5,0,0.01%,0.00%,"₹ 14,995.00",₹ 0.00,5,0
FBA79349,SW-01,B0D9KDQCCM,B0D9KDQCCM,Nexlev Portable Sewing Machine| 2 Speed Settings| Cordless| Battery operated| USB Type C cord for Plug-in| Quick Fix DIY|Portable & Compact| for all Fabrics| 1 Year Warranty| White,"1,208",27,0.54%,0.64%,"1,688",45,0.56%,0.77%,20.65%,16.67%,5,1,0.41%,3.70%,"₹ 6,050.00","₹ 1,210.00",5,1
FBA79405,HSB-03,B0D9KFP4MG,B0D9KFP4MG,NexLev Ionic Hair Straightener Brush |Frizz-Free Straightening upto 12 H |Ceramic Tourmaline Coated| 60mm Wide Brush | 130-210° |Keratin Bristles| Thermo Protect Technology |No Scalp Burn|1500W|HSB-03,697,7,0.31%,0.16%,927,9,0.31%,0.15%,63.90%,0.00%,5,0,0.72%,0.00%,"₹ 9,495.00",₹ 0.00,5,0
FBA79599,VC-06,B0DRD8J8R5,B0DRD8J8R5,nexlev Handheld Vacuum Cleaner| 600 W | 17.5 Kpa Suction | 5 M Cord | Lightweight | Washable Hepa Filter and Dust Container| 4 Attachments | Compact Size | Home & Office Use| VC-06,725,12,0.32%,0.28%,838,16,0.28%,0.27%,64.93%,30.00%,5,0,0.69%,0.00%,"₹ 6,995.00",₹ 0.00,5,0
FBA78981,SC-01,B0CDPP45BM,B0CDPP45BM,"NexLev Steam Cleaner | For Complete Home Kitchen Bathroom Car Sofa & Office Cleaning Machine | 9 Accessories |300 ML | Window Pane, Sink, Chimney Grease, Water Stain Cleaner| 4 Mtr Cord | 1000W |SC-01","9,340",166,4.15%,3.91%,"12,541",229,4.18%,3.92%,1.04%,0.00%,4,0,0.04%,0.00%,"₹ 14,436.00",₹ 0.00,4,0
FBA79374,ET-02-GN_N,B0D2P7WLJB,B0D2P7WLJB,NexLev Smart Electric Toothbrush for Adults | 2 Min Timer with Quadpacer | 2 Replaceable Heads | AAA Battery Powered | 2 Cleaning Modes | Upto 60 Days | Waterproof | Travel Case | Soft Bristles | ET-02 Green,416,8,0.19%,0.19%,571,13,0.19%,0.22%,42.89%,20.00%,4,0,0.96%,0.00%,"₹ 1,196.00",₹ 0.00,4,0
FBA79652,SC-05,B0F43P6D23,B0F43P6D23,NexLev Steam Cleaner | Complete Home Kitchen Floor Bathroom Car & Office Cleaning machine | 9 Accessories | 450 ML | Window Pane Sink Grime Chimney Grease Water Stain Cleaner| 4 M Cord |1050W |SC-05,"1,477",34,0.66%,0.80%,"1,973",39,0.66%,0.67%,59.89%,40.00%,4,0,0.27%,0.00%,"₹ 11,804.00",₹ 0.00,4,0
FBA79404,FS-01,B0D9KFZYG8,B0D9KFZYG8,"NexLev Steamer For Cold & Cough| Face Steam,Inhaler & Vaporizer | Perfect for Facial & Aromatherapy | Nano Ionic Steam | Uv Sterilization | Aroma Diffuser|30 Sec Heating|Avoid Burns & Spillage | FS-01","2,356",31,1.05%,0.73%,"2,867",36,0.96%,0.62%,10.92%,15.00%,3,0,0.13%,0.00%,"₹ 3,499.00",₹ 0.00,3,0
FBA79488,KE-01,B0DFCG2VGS,B0DFCG2VGS,"Nexlev Multi Purpose Electric Food Kettle|1.8L Stainless Steel Pot| 600W|Boil, Steam, Fry, Saute| Double Layered Body|2 Heat Settings|Multi Function for Water, Milk, Egg, Soup, Noodles|KE-01","1,274",25,0.57%,0.59%,"1,892",48,0.63%,0.82%,11.32%,0.00%,3,0,0.24%,0.00%,"₹ 5,247.00",₹ 0.00,3,0
FBA79812,PB-01,B0FS6TB7CP,B0FS6TB7CP,NexLev Portable Blender for Smoothies Milkshakes Crushing Ice Juices | 6 Leaf Stainless Steel Blade | 3000 mAh Battery | Type C Rechargeable | Mix Fruit Juicer | 450ml | For Kitchen & Travel | PB-01,581,8,0.26%,0.19%,818,12,0.27%,0.21%,66.09%,62.50%,3,0,0.52%,0.00%,"₹ 6,294.00",₹ 0.00,3,0
FBA79229,GS-04,B0CQX9ZZMH,B0CQX9ZZMH,NexLev Handheld Garment Steamer |1800 Watts | 25 g/min | 300 ML | Vertical & Horizontal Ironing for Silk Velvet & | Damage Free Steam for all Cloth Types | 25sec quick heat | 3 Brushes | GS-04,64,1,0.03%,0.02%,105,1,0.04%,0.02%,98.85%,100.00%,2,0,3.13%,0.00%,"₹ 4,398.00",₹ 0.00,2,0
FBA79268,GS-05,B0D383WQPB,B0D383WQPB,NexLev Foldable Garment Steamer for Home & Travel | Convenient Vertical Steaming | 1200W | 120 ml | Lightweight & Compact | 30s Fast Heating | Iron for all Cloth Types | 2 M cord | Anti Spill | GS-05,"2,386",61,1.06%,1.44%,"3,045",82,1.02%,1.40%,2.08%,0.00%,2,0,0.08%,0.00%,"₹ 3,658.00",₹ 0.00,2,0
FBA79277,SC-03,B0D672NXC8,B0D672NXC8,"Nexlev SWIPE Steam Cleaner | 3.5 Bar Strong Steam|Multipurpose Steam Cleaner for Car, Kitchen, Bathroom, Floor, Window, Glass, Upholstery| 8 Accessories Kit|Safety Lock| Large 700ML Water Tank | SC-03",338,14,0.15%,0.33%,478,18,0.16%,0.31%,31.88%,30.00%,2,0,0.59%,0.00%,"₹ 13,998.00",₹ 0.00,2,0
FBA79271,V-01,B0D83Q7L8W,B0D83Q7L8W,"NexLev Ionic Hot Air Brush | 3 in 1 Blow Dryer, Straightener, Volumizer & Styler | 360° Airflow Vents | Ceramic Tourmaline Coated Brushing Head | Tangle Free Bristle |3 Speed & 2 Heat Settings | V-01",516,4,0.23%,0.09%,836,6,0.28%,0.10%,7.01%,0.00%,2,0,0.39%,0.00%,"₹ 2,700.00",₹ 0.00,2,0
FBA79472,CM-02-PR,B0DFCDZWND,B0DFCDZWND,NexLev Cordless Electric Heating Pad| Period Cramp & Back Pain Relief Massager | 9 modes| Menstrual Cramp Relief|Type C| Crampfree Periods | Portable | Gift for Women| Strap upto 40 Inch |Purple CM-02,316,8,0.14%,0.19%,392,14,0.13%,0.24%,68.11%,100.00%,2,0,0.63%,0.00%,"₹ 2,798.00",₹ 0.00,2,0
FBA79591,KM-01,B0DM66B2DW,B0DM66B2DW,"NexLev Knee Massager for Joint Pain Relief |Controlled Vibration & Heating for Arthritis, Knee, Shoulder or Elbow pain | 15 modes |2 Extension Belt |Graphene Heating pad for Consistent Heating | KM-01",508,22,0.23%,0.52%,690,30,0.23%,0.51%,22.64%,6.67%,2,0,0.39%,0.00%,"₹ 2,898.00",₹ 0.00,2,0
FBA79590,CFM-01,B0DM6BB3VT,B0DM6BB3VT,NexLev Calf Massager | Daily Use Leg Massager for Sore Muscle |1 Piece | Hand Like Massage with Air Compression | Improve Blood Circulation & Relieve Pain | 2500 mAh | Large Belt | Type C |CFM-01,444,15,0.20%,0.35%,654,23,0.22%,0.39%,23.31%,38.46%,2,0,0.45%,0.00%,"₹ 5,998.00",₹ 0.00,2,0
FBA79591,KM-01,B0F29SZCVF,B0F29SZCVF,"NexLev Knee Massager for Joint Pain Relief |Controlled Vibration & Heating for Arthritis, Knee, Shoulder or Elbow pain | 15 modes |2 Extension Belt |Graphene Heating pad for Consistent Heating | KM-01",212,8,0.09%,0.19%,294,18,0.10%,0.31%,14.12%,25.00%,2,0,0.94%,0.00%,"₹ 3,188.00",₹ 0.00,2,0
FBA78994,NP-01,B0CDQ98FDM,B0CDQ98FDM,"nexlev Travel Neck Pillow | Orthopedic Premium Memory Foam | for Airplane, Car, Train, Office use & Cervical Pain | Machine Washable | 360 Support | Carry Pouch for Storage | NP-01",35,1,0.02%,0.02%,43,4,0.01%,0.07%,27.50%,0.00%,1,0,2.86%,0.00%,₹ 695.00,₹ 0.00,1,0
FBA79273,HS-02,B0D2LKB4BJ,B0D2LKB4BJ,"Nexlev Hair Styling Straightener & Curler| 2 in 1 Hair Styler| 200°C in 30 Seconds| Long Ceramic Floating Plates| Rounded Body for Curls| Plate lock| Portable |HS-02, Hair Straightener Tong - Purple",215,0,0.10%,0.00%,251,0,0.08%,0.00%,96.57%,0.00%,1,0,0.47%,0.00%,₹ 790.00,₹ 0.00,1,0
FBA79280,LR-02,B0D845B2DG,B0D845B2DG,"NexLev Lint Remover | for Woolen Sweaters Shirts Socks Jackets Suede Leggings Curtains & Carpets | Pill, Rue & Burr Remover | 120 Min Use |TypeC | Lint Brush for Coat| SS Blade | Safety Lock | LR-02",453,15,0.20%,0.35%,658,22,0.22%,0.38%,8.58%,0.00%,1,0,0.22%,0.00%,"₹ 1,650.00",₹ 0.00,1,0
FBA79440,LE-02,B0DCGHKRXX,B0DCGHKRXX,NexLev LED Phototherapy comb | Electric Scalp Massager | Red Light for Regrowth | Blue Light for Anti Dandruff | Hairfall Control | Rechargeable TypeC | Targeted Laser Treatment Machine |3 Modes |LE-02,"4,518",10,2.01%,0.24%,"5,669",12,1.89%,0.21%,5.67%,0.00%,1,0,0.02%,0.00%,"₹ 2,050.00",₹ 0.00,1,0
FBA79566,VC-05,B0DKJSCLBD,B0DKJSCLBD,"NexLev Cordless Wet & Dry Vacuum Cleaner|For Home Car & Office Use|3 Attachments |HEPA to capture dust | 4000 mAh Battery|Quick Cleaning of Desk, Coffee tea or Water Spill | Compact & Portable | VC-05",255,3,0.11%,0.07%,341,4,0.11%,0.07%,76.92%,50.00%,1,0,0.39%,0.00%,"₹ 2,299.00",₹ 0.00,1,0
FBA78995,NP-02,B0CDQ55W2M,B0CDQ55W2M,"nexlev Travel Neck Pillow | Orthopedic Premium Memory Foam | for Airplane, Car, Train, Office use & Cervical Pain | Machine Washable | 360 Support | Carry Pouch for Storage | NP-02",13,1,0.01%,0.02%,14,2,0.00%,0.03%,14.29%,0.00%,0,0,0.00%,0.00%,₹ 0.00,₹ 0.00,0,0
FBA78996,NP-03,B0CDQ6G4TC,B0CDQ6G4TC,"nexlev Travel Neck Pillow | Orthopedic Premium Memory Foam | for Airplane, Car, Train, Office use & Cervical Pain | Machine Washable | 360 Support | Carry Pouch for Storage | NP-03",4,1,0.00%,0.02%,4,1,0.00%,0.02%,50.00%,100.00%,0,0,0.00%,0.00%,₹ 0.00,₹ 0.00,0,0
FBA79262,SC-02,B0CYSMBCB8,B0CYSMBCB8,NexLev Steam Cleaner | For Complete Home Kitchen Bathroom Window Car & Office Cleaning | 9 Accessories | 450 ML | Window Pane Sink Grime Chimney Grease Water Stain Cleaner| 4 Meter Cord | 1000W |SC-02,0,0,0.00%,0.00%,0,0,0.00%,0.00%,0.00%,0.00%,0,0,0.00%,0.00%,₹ 0.00,₹ 0.00,0,0
FBA79267,T-02,B0D2LD6BYJ,B0D2LD6BYJ,"NexLev 6-in-1 trimmer | Sensitive Bikini Trimmer for Women | Skin Safe with Rounded Tips & Foil Shaver| Hair Removal for Intimate Areas, Face, Arms, Legs & Body | 90 min Runtime |2H Quick Charge |T-02",116,1,0.05%,0.02%,151,1,0.05%,0.02%,10.53%,0.00%,0,0,0.00%,0.00%,₹ 0.00,₹ 0.00,0,0
FBA79272,HS-01,B0D2LFMY48,B0D2LFMY48,"Nexlev Hair Styling Straightener & Curler| 2 in 1 Hair Styler| 200°C in 30 Seconds| Long Ceramic Floating Plates| Rounded Body for Curls| Plate Lock| Portable HS-01, Hair Straightener Tong - Black",153,0,0.07%,0.00%,164,0,0.05%,0.00%,0.00%,0.00%,0,0,0.00%,0.00%,₹ 0.00,₹ 0.00,0,0
FBA79266,T-01,B0D2LGR3GG,B0D2LGR3GG,"NexLev 6-in-1 trimmer | Sensitive Bikini Trimmer for Women | Skin Safe with Rounded Tips & Safety Guards| Hair Removal for Intimate Areas, Face, Arms, Legs & Body | 90 min Runtime | Type C | T-01",90,0,0.04%,0.00%,106,0,0.04%,0.00%,0.00%,0.00%,0,0,0.00%,0.00%,₹ 0.00,₹ 0.00,0,0
FBA79276,SM-01,B0D2LJSQXZ,B0D2LJSQXZ,NexLev Steam Mop | Chemical Free Mopping | Floor Cleaning + Carpet Steaming | 4 Extra Mop Pads | 400 ML | 1300W | Floor Disinfectant | for All Floor Types | 4mtr Long Cord | Wet & Dry Mopping | SM-01,937,17,0.42%,0.40%,"1,241",17,0.41%,0.29%,0.09%,0.00%,0,0,0.00%,0.00%,₹ 0.00,₹ 0.00,0,0
FBA79332,HM-01,B0D63FKYZ5,B0D63FKYZ5,NexLev Scalp Massager for Stress Relief | Head Massager for Hair Growth | 96 Tangle Free Silicone Kneading Nodes | Hand Like Massage | 120 Min Runtime | Type C | Washable Heads | 3 Modes | HM-01,58,0,0.03%,0.00%,69,0,0.02%,0.00%,0.00%,0.00%,0,0,0.00%,0.00%,₹ 0.00,₹ 0.00,0,0
FBA79279,LR-01,B0D8445KJN,B0D8445KJN,"NexLev Lint Remover | For Woolen Sweaters Shirts Socks Jackets Suede Leggings | Pill, Rue & Burr Remover | 30 Min Use |Type C |Defuzzer | Lint Brush for Coat | 2 Modes | SS Blade | Safety Lock | LR-01",196,1,0.09%,0.02%,246,1,0.08%,0.02%,3.57%,0.00%,0,0,0.00%,0.00%,₹ 0.00,₹ 0.00,0,0
FBA79278,HD-01,B0D86ZC9YT,B0D86ZC9YT,Nexlev Just Style Pro Hair Dryer |2100 W for Quick & Easy Blowdry | Double Heat Protection Technology | 3 Heat Settings & Cool Shot Function For Salon-Like Styling at Home (HD-01),127,2,0.06%,0.05%,145,4,0.05%,0.07%,0.00%,0.00%,0,0,0.00%,0.00%,₹ 0.00,₹ 0.00,0,0
FBA79381,ETR-06,B0D9KCNVNM,B0D9KCNVNM,Nexlev Oscillating Electric Toothbrush | 8000 vibrations/min | USB Type C Charging|3 modes| 2 Minute Timer |Quad Change Reminder| IPX7 Waterproof | For adults| 1 year warranty| |Sparkle Pro (ETR-06),76,2,0.03%,0.05%,100,2,0.03%,0.03%,4.65%,0.00%,0,0,0.00%,0.00%,₹ 0.00,₹ 0.00,0,0
FBA79443,LE-03,B0D9KFQG8Q,B0D9KFQG8Q,"Nexlev Skin Scrubber |Red & Blue LED Therapy| Blackhead Remover| Pore Cleaner| Skin Lifting & tightening, wrinkle remover| 2 Silicone Cleaning Heads| Facial Cleansing|Type C Charging| Elixir Pro LE-03",213,5,0.09%,0.12%,229,7,0.08%,0.12%,0.44%,0.00%,0,0,0.00%,0.00%,₹ 0.00,₹ 0.00,0,0
FBA79469,LE-04,B0DCK4DR1B,B0DCK4DR1B,Nexlev Skin Lift Device | 7 Color LED | Face & Neck Skin Lifting| 3 Massage Modes| Face Sculpting Tool |Micro-currents to reduce Wrinkles| Hot Compress | Rechargeable| Type-C| 180 Min Use| Glow+ LE-04,115,2,0.05%,0.05%,150,2,0.05%,0.03%,3.05%,0.00%,0,0,0.00%,0.00%,₹ 0.00,₹ 0.00,0,0
FBA79468,SPM-01,B0DCK7J87D,B0DCK7J87D,NexLev Cordless Spin Mop|50 Min Runtime|2 Extra Mop Pads | Type C | For Home Kitchen & Office Use | Water Spray Function|Self Propelling|Mopping for All Floor Types|LED for Corners and Underbed|SPM-01,94,3,0.04%,0.07%,138,5,0.05%,0.09%,100.00%,100.00%,0,0,0.00%,0.00%,₹ 0.00,₹ 0.00,0,0
FBA79480,VC-03,B0DDC3GVZW,B0DDC3GVZW,nexlev Cordless Electric Car Vacuum Cleaner VacuSafe| Seat-Belt Cutter| Window Breaker Hammer| LED Torch|4000 mAh| High Power Suction | Copper Motor| Type-C Emergency Car Escape Tool| Portable| VC-03,85,3,0.04%,0.07%,101,3,0.03%,0.05%,1.98%,0.00%,0,0,0.00%,0.00%,₹ 0.00,₹ 0.00,0,0
FBA79464,CM-01-BL,B0DFCDKMWR,B0DFCDKMWR,NexLev Cordless Electric Heating Pad| Period Cramp & Back Pain Relief Massager | 9 modes| Menstrual Cramp Relief|Type C| Crampfree Periods | Portable | Gift for Women| Strap upto 40 Inch |Blue CM-01,"1,113",29,0.50%,0.68%,"1,500",50,0.50%,0.86%,0.15%,0.00%,0,0,0.00%,0.00%,₹ 0.00,₹ 0.00,0,0
FBA79466,TI-01,B0DFM4JZV9,B0DFM4JZV9,"Nexlev Tyre Inflator for Car | Touch Control |150 PSI |12V DC| 4 Nozzles | Digital Tyre Pressure Gauge| Carry Bag | Suitable for Bike, Bicycle or Any Inflatable | Emergency LED Light | TI-01",28,1,0.01%,0.02%,34,1,0.01%,0.02%,0.00%,0.00%,0,0,0.00%,0.00%,₹ 0.00,₹ 0.00,0,0
FBA79481,TM-02,B0DFMRG2K4,B0DFMRG2K4,"NexLev All in One Body Trimmer for Men | Suitable for Beard, Body, Balls, Pubic Hair, Private Parts | 90 Min Runtime |Type C | IPX 7 Waterproof | No Nicks No Cuts | 2 Safety Combs| Extra Blade | TM-02",79,0,0.04%,0.00%,94,0,0.03%,0.00%,0.00%,0.00%,0,0,0.00%,0.00%,₹ 0.00,₹ 0.00,0,0
FBA79474,TIC-03,B0DJFH4K8B,B0DJFH4K8B,NexLev Cordless Tyre Inflator for Cars & Bikes|150 PSI| 2x2000 mAh Powerbank| Type-C Port| 5 Pre Set Mode|Auto Shut-Off |Digital Display| LED Light | Multiple Nozzles| AER Pro TIC-03,118,2,0.05%,0.05%,145,2,0.05%,0.03%,3.82%,0.00%,0,0,0.00%,0.00%,₹ 0.00,₹ 0.00,0,0
FBA79473,TI-02,B0DJFH6RTL,B0DJFH6RTL,"NexLev Portable Tyre Inflator for Car, Bike, Cycle|150 PSI Pressure| 120 Watt Air Pump|12V Car Plug| Digital Display| Auto Shut-Off| Emergency LED Light| 3m Cord| 3 Air Nozzles| Compact| AER TI-02",45,1,0.02%,0.02%,53,1,0.02%,0.02%,0.00%,0.00%,0,0,0.00%,0.00%,₹ 0.00,₹ 0.00,0,0
FBA79475,TIC-04,B0DJFJZMC6,B0DJFJZMC6,"Nexlev Cordless & Corded Tyre Inflator|150 PSI| 6000 mAh Powerbank|LED Light | Type C Port |Digital Display| 5 Pre-Set Modes|Auto Shut-Off |Multiple Nozzles for Cars, Bikes, Cycle| AER Pro Max TIC-04",176,4,0.08%,0.09%,219,4,0.07%,0.07%,5.50%,0.00%,0,0,0.00%,0.00%,₹ 0.00,₹ 0.00,0,0
FBA79483,TM-03,B0DK9NRBWJ,B0DK9NRBWJ,NexLev Intimate Trimmer for Men|Ceramic Blade|120 Min Runtime|Type C Charge | IPX7 Waterproof | 7000RPM Copper Motor| Cordless|LED Light| Travel Lock| Wet/Dry Groin & Body Shaver | Intimate Pro TM-03,22,0,0.01%,0.00%,32,0,0.01%,0.00%,17.86%,0.00%,0,0,0.00%,0.00%,₹ 0.00,₹ 0.00,0,0
FBA79565,VC-04,B0DKJZDY72,B0DKJZDY72,nexlev Cordless Vacuum Cleaner & Blower |BLDC Copper Motor |HEPA with Stainless Steel Cover | for Home Office & Car Cleaning|4 Attachments | Blower for Dust & Inflatables | Portable & Compact | VC-04,96,0,0.04%,0.00%,115,0,0.04%,0.00%,5.88%,0.00%,0,0,0.00%,0.00%,₹ 0.00,₹ 0.00,0,0
FBA79484,CF-01,B0DNJF1BLS,B0DNJF1BLS,nexlev Drip Coffee Maker |Filter Coffee for Home & Office | 4-6 Cups | Warming Plate|Borosilicate Carafe | Reusable & Washable Filter | Anti Drip | 750 ml | Cone Filter | Water Level Indicator |CF-01,130,4,0.06%,0.09%,167,7,0.06%,0.12%,1.37%,0.00%,0,0,0.00%,0.00%,₹ 0.00,₹ 0.00,0,0
FBA79598,BM-02,B0DNJJKBKG,B0DNJJKBKG,NexLev Neck & Back Massager | Deep Tissue Shiatsu Roller | Cervical Pain Relief | 3 Speeds | 8 Kneading Nodes | Quick Pain Relief | Auto Shut Off | 1 year Warranty | BM-02,64,1,0.03%,0.02%,83,1,0.03%,0.02%,0.00%,0.00%,0,0,0.00%,0.00%,₹ 0.00,₹ 0.00,0,0
FBA79589,SS-02,B0DNJP9T35,B0DNJP9T35,"NexLev Spin Scrubber|6 Scrubbing Heads| For Kitchen, Bathroom, Tub, Glass | Complete cleaning tool for Home, Office & Car| 90 min runtime | 2600 mAh | Cordless Type C | 2 Modes|Adjustable Handle|SS-02",309,7,0.14%,0.16%,413,9,0.14%,0.15%,11.92%,0.00%,0,0,0.00%,0.00%,₹ 0.00,₹ 0.00,0,0
FBA79492,V-02,B0DT6Y7KJM,B0DT6Y7KJM,"NexLev Ionic 4 in 1 Hot Air Brush + Straightener | 2 Step Styler Volumizer | Blow Dryer, Styler, Straightener & Waves | 360° Airflow | Tangle Free Bristle |Ceramic Tourmaline Coated Barrel | 1200W | V-02",125,1,0.06%,0.02%,157,1,0.05%,0.02%,11.03%,0.00%,0,0,0.00%,0.00%,₹ 0.00,₹ 0.00,0,0
FBA79698,SS-01(New),B0DTK4FY1G,B0DTK4FY1G,"NexLev Spin Scrubber with Soap Spray | 6 heads| For Kitchen, Tub, Glass, Complete cleaning tool for Home, Office & Car| 90 min runtime | 4500 mAh | Cordless Type C | Adjustable Handle|SS-01, White",425,9,0.19%,0.21%,523,18,0.17%,0.31%,6.03%,12.50%,0,0,0.00%,0.00%,₹ 0.00,₹ 0.00,0,0
FBA79674,BM-03,B0DV8XH455,B0DV8XH455,NexLev Shiatsu Neck Shoulder & Back Massager | 8 Kneading Nodes | 4 Modes | Deep Tissue Massage for Cervical Pain Relief | Adjustable & Hands free Design | Portable | Deep Tissue Relief | BM-03,14,0,0.01%,0.00%,16,0,0.01%,0.00%,100.00%,0.00%,0,0,0.00%,0.00%,₹ 0.00,₹ 0.00,0,0
FBA79682,HU-02,B0DVC8NYY2,B0DVC8NYY2,"NexLev Cool Mist Humidifier | 2.2L| For Office, Indoor Plants, Baby Nursery | Quiet Operation | Works 30Hrs on Low Setting | 360° Nozzle | Auto Shut-Off | Adjustable Knob | Leak Proof | HU-02",261,3,0.12%,0.07%,374,3,0.12%,0.05%,0.00%,0.00%,0,0,0.00%,0.00%,₹ 0.00,₹ 0.00,0,0
FBA79683,AP-01,B0DVC9PRSD,B0DVC9PRSD,NexLev Professional Air Purifier for 650 sq ft Area| 8500 Hrs Filter Life|True HEPA 13 Filter |Captures 99.99% Virus and PM 2.5 Particle|For Home & Office|Remote Control & WiFi |Sleep & Auto Mode|A6,"1,235",80,0.55%,1.88%,"1,777",138,0.59%,2.36%,0.00%,0.00%,0,0,0.00%,0.00%,₹ 0.00,₹ 0.00,0,0
FBA79678,NP-07,B0DVCDD5VC,B0DVCDD5VC,"nexlev Travel Neck Pillow | Orthopedic Premium Memory Foam | for Airplane, Car, Train, Office use & Cervical Pain | Machine Washable | 360 Support | Carry Pouch for Storage | NP-07",5,0,0.00%,0.00%,5,0,0.00%,0.00%,0.00%,0.00%,0,0,0.00%,0.00%,₹ 0.00,₹ 0.00,0,0
FBA79707,ETC-08-BL,B0FJ1ZB4G9,B0FJ1ZB4G9,Nexlev Electric Toothbrush| 40000 vibrations/min|USB Type C| 5 Modes| 2 Min timer| 30 sec Quad Interval| 4 Replaceable Brush Heads With Cover| IPX7 Waterproof| For Adults| ETC-08 MidNight Blue,37,1,0.02%,0.02%,49,1,0.02%,0.02%,9.09%,0.00%,0,0,0.00%,0.00%,₹ 0.00,₹ 0.00,0,0
FBA79809,KE-03,B0FJ8SFNRH,B0FJ8SFNRH,"NexLev Grand Electric Water Kettle | 1.8 L | 1500 Watts | Stainless Steel | For Home, Office | Auto Cut Off | For Boiling Water, making Tea & Coffee, Instant Noodles, Soup | Cool Touch Handle |KE-03",13,0,0.01%,0.00%,15,0,0.01%,0.00%,0.00%,0.00%,0,0,0.00%,0.00%,₹ 0.00,₹ 0.00,0,0
FBA79811,MC-01,B0FSF1N457,B0FSF1N457,NexLev Mini Electric Chopper | 3D Stainless Steel Blade | Food Grade Bowl | for Mincing Garlic Ginger Onion Vegetable Meat Nuts | 250 ml | One Touch Operation | MC-01,761,17,0.34%,0.40%,971,20,0.32%,0.34%,9.07%,11.11%,0,0,0.00%,0.00%,₹ 0.00,₹ 0.00,0,0
