(Parent) ASIN,(Child) ASIN,Title,Sessions - Total,Sessions - Total - B2B,Session Percentage - Total,Session Percentage - Total - B2B,Page Views - Total,Page Views - Total - B2B,Page Views Percentage - Total,Page Views Percentage - Total - B2B,Featured Offer Percentage,Featured Offer Percentage - B2B,Units Ordered,Units Ordered - B2B,Unit Session Percentage,Unit Session Percentage - B2B,Ordered Product Sales,Ordered Product Sales - B2B,Total Order Items,Total Order Items - B2B
B0FN4D3C89,B0FN4D3C89,"White Mulberry Economy Fixed TV Wall Mount Bracket for 13-43 Inches |45kg|LED/LCD/Smart TV's, Universal VESA Compatible 75x75,200x200 mm MAX Slim Wall Mount Stand",773,45,0.34%,1.06%,"1,165",59,0.39%,1.01%,100.00%,100.00%,34,1,4.40%,2.22%,"₹16,845.00",₹513.00,33,1
B0DQCWRG3H,B0DQCWRG3H,NexLev Ionic 3 in 1 Hot Air Brush|1.5 Inch Barrel |Volumizer Blow Dryer & Styler|Ceramic Tourmaline Coated for Heat Protection|1200W|Dual Bristle for Tangle Free Styling|Salon Like Styles at Home|V-03,"4,986",16,2.22%,0.38%,"6,988",23,2.33%,0.39%,28.82%,0.00%,29,0,0.58%,0.00%,"₹56,334.00",₹0.00,29,0
B0DFD123P5,B0DFD123P5,"Nexlev MultiPurpose Electric Food Kettle|1.5 L Ceramic Pot | 600W| Boil, Steam, Fry, Saute| Double Layered Body| 2 Temperature Settings| Multi Cooker for Water, Egg, Tea, Soup, Noodles, Rice| KE-02","2,095",32,0.93%,0.75%,"3,137",54,1.05%,0.92%,89.54%,84.00%,27,0,1.29%,0.00%,"₹43,173.00",₹0.00,27,0
B0DCGHVN81,B0DCGHVN81,NexLev 2 in 1 Handheld & Stick Vacuum Cleaner | 17500 PA Suction | Dry Vacuuming for Home & Office | Washable HEPA Filter | 4 Adjustable Heads | Bagless| Deep Cleaning for Sofa Bed Window & more|VC-01,"4,624",35,2.06%,0.82%,"6,591",45,2.20%,0.77%,39.92%,33.33%,26,0,0.56%,0.00%,"₹49,975.00",₹0.00,26,0
B0DCK7ZH5P,B0DCK7ZH5P,"NexLev Mattress, Sofa, Carpet & Car Seat Vacuum Cleaner|For Dust Mites Allergens & Pet Hair|Cordless Design|1500*3 mAh |UV Sterilization, Double Beat Technology|Type C| HEPA captures 99.99% Dust|MR-02","7,659",144,3.41%,3.39%,"9,118",176,3.04%,3.01%,48.32%,51.76%,22,2,0.29%,1.39%,"₹74,041.00","₹6,798.00",22,2
B0D67727VG,B0D67727VG,NexLev LED Therapy Oil Applicator | Reduce Dandruff | Improve Hair Growth | EMS for Scalp Improvement | Red & Blue Light | High Frequency Massage for Better Absorption | 10 ML | Waterproof | EA-01,950,31,0.42%,0.73%,"1,309",43,0.44%,0.74%,70.50%,66.67%,22,2,2.32%,6.45%,"₹24,178.00","₹2,198.00",21,2
B0DVC968P1,B0DVC968P1,"NexLev Cool Mist Humidifier | 3.5L| For Office, Indoor Plants, Baby Nursery | Quiet Operation | Works 44Hrs on Low Setting | 360° Nozzle | Auto Shut-Off | Adjustable Knob | Leak Proof | HU-01",568,16,0.25%,0.38%,807,21,0.27%,0.36%,70.49%,66.67%,21,0,3.70%,0.00%,"₹33,584.00",₹0.00,21,0
B0DVC7VJP1,B0DVC7VJP1,"NexLev Stand Mixer |5.5L SS Bowl | 1500W |10 Speeds | Pulse Function |Planetary Rotation | Whisk, Beater & Dough Hook|100% Copper Motor | For Roti & Cookie Dough, Cake Making, Whip Cream & more |ST-01","1,711",28,0.76%,0.66%,"2,279",38,0.76%,0.65%,86.61%,0.00%,14,0,0.82%,0.00%,"₹83,706.00",₹0.00,14,0
B0BTCXQQ6M,B0BTCXQQ6M,"TONOR Gaming Mic, USB Microphone for PC Computer, Cardioid Condenser Mic with Adjustable RGB Modes & Brightness, Quick Mute, Gain Control, for Streaming, Podcasting, Recording, PS4/5 Desktop TC310",473,10,0.21%,0.24%,816,16,0.27%,0.27%,86.27%,14.29%,13,0,2.75%,0.00%,"₹28,587.00",₹0.00,13,0
B0FN4DSQ6P,B0FN4DSQ6P,"White Mulberry Premium Economy Fixed TV Wall Mount Bracket for 32-65 Inches |45kg| LED/LCD/OLED/Smart & Curved TV's, VESA 50x50, 400x400 MAX, Slim Wall Stand",585,33,0.26%,0.78%,901,45,0.30%,0.77%,21.37%,0.00%,13,0,2.22%,0.00%,"₹9,487.00",₹0.00,13,0
B0CDPMX152,B0CDPMX152,NexLev Handheld Garment Steamer | 1500 Watts | 300 ML| Standing & Horizontal Iron Press | Damage Free Steaming for all Cloth Types | 25s Quick Heat |Upto 5 Clothes in One Fill | Travel Friendly |GS-02,"3,472",27,1.54%,0.64%,"4,564",40,1.52%,0.68%,16.27%,50.00%,11,0,0.32%,0.00%,"₹22,550.00",₹0.00,11,0
B0DB5VG39T,B0DB5VG39T,White Mulberry |DIY| Economical Gas Spring Monitor Arm | Desk Mounted Monitor Stand for 15-32 Inch Monitors |9Kg Screen Capacity|VESA 75X75&100X100| Adjustable Metal Desk Monitor Mount-(Single Screen),"1,457",78,0.65%,1.84%,"2,113",105,0.70%,1.80%,10.52%,0.00%,12,1,0.82%,1.28%,"₹27,439.00","₹2,509.00",11,1
B0DB5W4TCP,B0DB5W4TCP,White Mulberry |DIY| Height Adjustable Monitor Arm | Desk Mounted Stand for 15-32 Inch Monitor | 10Kg Screen Load | VESA 75X75 & 100X100 | Adjustable Metal Desk Monitor Mount - (Single Screen),564,26,0.25%,0.61%,776,26,0.26%,0.45%,96.29%,4.35%,11,0,1.95%,0.00%,"₹18,139.00",₹0.00,11,0
B0979PJSCV,B0979PJSCV,Nektar SE61 61-Key Full-Size Velocity-Sensitive USB Midi Keyboard Controller with Nektar DAW Integration and Free Professional Recording Software,881,16,0.39%,0.38%,"1,265",37,0.42%,0.63%,100.00%,100.00%,12,4,1.36%,25.00%,"₹1,25,880.00","₹41,960.00",10,2
B0D2LHNS9B,B0D2LHNS9B,"NexLev Foot Callus Remover | Electric Scrubber & Shaver for Dead, Hard & Cracked Skin | Professional Pedicure at Home | Waterproof | Type C | 3 Crystal Quartz Heads | For Men and Women| CR-01",112,1,0.05%,0.02%,156,1,0.05%,0.02%,65.19%,0.00%,9,0,8.04%,0.00%,"₹4,823.00",₹0.00,9,0
B0FHVWHQHR,B0FHVWHQHR,"White Mulberry Fixed TV Wall Mount Bracket for 37–86 Inch LED, LCD & Curved TVs | Heavy Duty Steel Frame, 45kg Max Load, VESA 50x50 to 600x400mm Max, Built-in Bubble Level, 1 Year Warranty",146,8,0.06%,0.19%,218,13,0.07%,0.22%,99.49%,100.00%,9,0,6.16%,0.00%,"₹6,792.00",₹0.00,9,0
B0FN4GQ9HT,B0FN4GQ9HT,"White Mulberry Tilt TV Wall Mount Bracket for 13–43 Inch Flat Screen TVs, Low Profile Slim Design, Heavy-Duty Steel, VESA 75x75 to 200x200, Supports up to 99 lbs (45kg), Built-in Bubble Level",330,15,0.15%,0.35%,434,17,0.14%,0.29%,99.75%,100.00%,8,1,2.42%,6.67%,"₹6,792.00",₹849.00,8,1
B0FT8R24QM,B0FT8R24QM,"NexLev Lint Remover | for Woolen Sweaters Shirts Socks Jackets Suede Leggings Curtains & Carpets |Fabric Brush | Pill, Rue & Burr Remover | Battery Powered| Stainless Steel Blade |Safety Lock | LR-03",287,3,0.13%,0.07%,430,3,0.14%,0.05%,63.54%,0.00%,8,0,2.79%,0.00%,"₹3,137.00",₹0.00,8,0
B0CS3K2S7X,B0CS3K2S7X,"MAONO USB Audio interface for PC with 60 dB Pro-preamp, 24bit/192kHz, Dual USB interface for PC&Smartphone, Routing Software for Home Recording, Music Production, Guitar, Podcast, Streaming(PS22)",294,2,0.13%,0.05%,451,2,0.15%,0.03%,92.67%,100.00%,7,0,2.38%,0.00%,"₹38,493.00",₹0.00,7,0
B0D2P5TGWK,B0D2P5TGWK,NexLev Smart Electric Toothbrush for Adults | 2-Min Timer with Quadpacer | 2 Replaceable Heads | AAA Battery | 3 Cleaning Modes | Upto 60 Days | Waterproof | Travel Case | Soft Bristles | ET-01 Black,678,5,0.30%,0.12%,934,10,0.31%,0.17%,25.00%,0.00%,7,0,1.03%,0.00%,"₹2,157.00",₹0.00,7,0
B0DKK15YNJ,B0DKK15YNJ,NexLev Oil Applicator Comb|Red Led Light Therapy |Boost Hair Growth| Reduce Dandruff | Relieve Stress |High Vibration Corded Electric Scalp/Head Massager | 6 ML Oil Tank | 2 Hr Run-Time| Type-C|EA-02,"1,466",37,0.65%,0.87%,"1,912",45,0.64%,0.77%,41.76%,50.00%,7,0,0.48%,0.00%,"₹19,488.00",₹0.00,7,0
B0C8JDHLX9,B0C8JDHLX9,"TONOR T10 Microphone Boom Arm, Adjustable Microfono Stand Mic Arm with Extra-Large Pop Filter for HyperX Quadcast Blue Yeti Shure SM7B Rode Razer Seiren Mini SoloCast Elgato Wave, Recording Equipment",145,7,0.06%,0.16%,208,10,0.07%,0.17%,53.76%,33.33%,6,0,4.14%,0.00%,"₹10,194.00",₹0.00,6,0
B0D63DTKQB,B0D63DTKQB,NexLev 2 in 1 Scalp Massager & red Light Therapy |LED Massage Comb for Hair Growth | 96 Tangle Free Silicone Kneading Nodes | Hand Like Head Massage | 120 Min Runtime | Type C | Washable Heads | HM-02,286,3,0.13%,0.07%,387,4,0.13%,0.07%,90.14%,0.00%,6,0,2.10%,0.00%,"₹7,095.00",₹0.00,6,0
B0DCK3N2JJ,B0DCK3N2JJ,"NexLev Ionic Cordless Hair Straightener Brush | 60min Runtime | upto 200° Heating | Portable & Type C Rechargeable | Keratin Bristles |Straight, Frizz Free & Shiny Hair | Compact Comb Design | HSB-04","7,951",33,3.54%,0.78%,"10,183",39,3.40%,0.67%,16.17%,5.26%,6,0,0.08%,0.00%,"₹14,994.00",₹0.00,6,0
B0DKJXRXKM,B0DKJXRXKM,NexLev Blackhead & Whitehead Remover Tool | Rechargeable |1Hr Use| Acne & Pimple Pore Cleaner | 6 Heads | Electric Derma Suction Machine | Hydra Facial Cleanser Device for Face |For Men & Women |BR-01,"1,791",38,0.80%,0.89%,"2,478",66,0.83%,1.13%,3.59%,2.56%,6,0,0.34%,0.00%,"₹6,396.00",₹0.00,6,0
B0DNJS23HS,B0DNJS23HS,NexLev 10 in 1 Steam Cleaner & Mop|2 Steam Modes| Mopping & Deep Cleaning Home Car Sofa Bathroom Kitchen & Office |For All Surfaces|350ML|Chemical Free Cleaning | Detachable & Foldable|SC-04,"7,843",102,3.49%,2.40%,"10,462",141,3.49%,2.41%,23.46%,21.05%,6,0,0.08%,0.00%,"₹35,218.00",₹0.00,6,0
B0DQ8W1RBV,B0DQ8W1RBV,"NexLev Ionic Hot Air Brush | 3 in 1 Blow Dryer, Straightener, Volumizer & Styler | 360° Airflow Vents | Ceramic Tourmaline Coated Brushing Head | Tangle Free Bristle |3 Speed & 2 Heat Settings|V-01RG",860,5,0.38%,0.12%,"1,242",11,0.41%,0.19%,40.29%,0.00%,6,0,0.70%,0.00%,"₹8,994.00",₹0.00,6,0
B0DVC58QPZ,B0DVC58QPZ,NexLev Smart Air Purifier | Home Room & Office Use upto 220 sq ft |True HEPA 13 Filter | Eliminate 99.99% Virus Dust Smoke Odor Pollen Allergens & Pollutants | Long Filter Life |3 Year Warranty |AP220,"1,695",79,0.75%,1.86%,"2,440",117,0.81%,2.00%,31.59%,30.16%,6,0,0.35%,0.00%,"₹27,894.00",₹0.00,6,0
B0FN4HDM6Z,B0FN4HDM6Z,"White Mulberry Premium Full Motion TV Wall Mount Bracket for 23-65Inch |35kg| LED/LCD/OLED/Smart & Curved TV’s, Universal Heavy Duty Wall Mount Stand with Swivel, Tilt",440,25,0.20%,0.59%,605,29,0.20%,0.50%,100.00%,100.00%,6,2,1.36%,8.00%,"₹11,495.00","₹4,598.00",6,2
B0B4JRQP22,B0B4JRQP22,"Audio Array AA-02 3-Panel Curved Isolation Shield with Insulation, Absorption & Reflection Filter | 3/8"" and 5/8"" Universal Mic Mount for Recording Studio, Podcasts, Singing & Broadcasting","3,410",49,1.52%,1.15%,"4,085",59,1.36%,1.01%,60.60%,0.00%,5,0,0.15%,0.00%,"₹12,495.00",₹0.00,5,0
B0CYSLCRQS,B0CYSLCRQS,"nexlev Mattress, Sofa & Carpet Vacuum Cleaner | for Dust Mites, Allergens & Pet Hair | 4 Step Cleansing with Double Beat, UV Light, Dehumidification & Vacuum | HEPA captures 99.99% Dust|MR-01","46,754",814,20.80%,19.15%,"56,386","1,001",18.80%,17.14%,2.43%,1.08%,5,0,0.01%,0.00%,"₹14,995.00",₹0.00,5,0
B0D9KDQCCM,B0D9KDQCCM,Nexlev Portable Sewing Machine| 2 Speed Settings| Cordless| Battery operated| USB Type C cord for Plug-in| Quick Fix DIY|Portable & Compact| for all Fabrics| 1 Year Warranty| White,"1,208",27,0.54%,0.64%,"1,688",45,0.56%,0.77%,20.65%,16.67%,5,1,0.41%,3.70%,"₹6,050.00","₹1,210.00",5,1
B0D9KFP4MG,B0D9KFP4MG,NexLev Ionic Hair Straightener Brush |Frizz-Free Straightening upto 12 H |Ceramic Tourmaline Coated| 60mm Wide Brush | 130-210° |Keratin Bristles| Thermo Protect Technology |No Scalp Burn|1500W|HSB-03,697,7,0.31%,0.16%,927,9,0.31%,0.15%,63.90%,0.00%,5,0,0.72%,0.00%,"₹9,495.00",₹0.00,5,0
B0DP2WC5VW,B0DP2WC5VW,White Mulberry |DIY| Wall Mounted Monitor Stand Mount | Supports 15-32 Inch Screens| 9 Kg Screen Load | VESA 75X75 & 100X100 | Spring Assisted Wall Mounted Monitor Mount | Black - (Single Screen),"1,130",79,0.50%,1.86%,"1,542",121,0.51%,2.07%,9.96%,1.41%,6,0,0.53%,0.00%,"₹14,545.00",₹0.00,5,0
B0DRD8J8R5,B0DRD8J8R5,nexlev Handheld Vacuum Cleaner| 600 W | 17.5 Kpa Suction | 5 M Cord | Lightweight | Washable Hepa Filter and Dust Container| 4 Attachments | Compact Size | Home & Office Use| VC-06,725,12,0.32%,0.28%,838,16,0.28%,0.27%,64.93%,30.00%,5,0,0.69%,0.00%,"₹6,995.00",₹0.00,5,0
B0FN81FD8M,B0FN81FD8M,"White Mulberry Premium Heavy-Duty Gas Spring Monitor Arm for 24-57Inch Flat & Curved Screens| Height Adjustable |27Kg|VESA 75x75, 200x200mm Single Screen Mount with Swivel, Tilt, Rotation",155,10,0.07%,0.24%,238,14,0.08%,0.24%,100.00%,100.00%,5,0,3.23%,0.00%,"₹31,960.00",₹0.00,5,0
B089C2L66M,B089C2L66M,"Lewitt LCT 240 PRO Condenser Microphone Shock Mount, Magnetic Pop Filter and Windscreen, Black (Vocal Set)",564,10,0.25%,0.24%,712,12,0.24%,0.21%,100.00%,100.00%,4,0,0.71%,0.00%,"₹53,960.00",₹0.00,4,0
B0CDPP45BM,B0CDPP45BM,"NexLev Steam Cleaner | For Complete Home Kitchen Bathroom Car Sofa & Office Cleaning Machine | 9 Accessories |300 ML | Window Pane, Sink, Chimney Grease, Water Stain Cleaner| 4 Mtr Cord | 1000W |SC-01","9,340",166,4.15%,3.91%,"12,541",229,4.18%,3.92%,1.04%,0.00%,4,0,0.04%,0.00%,"₹14,436.00",₹0.00,4,0
B0D2P7WLJB,B0D2P7WLJB,NexLev Smart Electric Toothbrush for Adults | 2 Min Timer with Quadpacer | 2 Replaceable Heads | AAA Battery Powered | 2 Cleaning Modes | Upto 60 Days | Waterproof | Travel Case | Soft Bristles | ET-02 Green,416,8,0.19%,0.19%,571,13,0.19%,0.22%,42.89%,20.00%,4,0,0.96%,0.00%,"₹1,196.00",₹0.00,4,0
B0DP32F346,B0DP32F346,White Mulberry |DIY| Woodcraft - Premium Wooden Arm | Desk Mounted Monitor arm 15-32 Inch Monitor|9Kg Screen Capacity|Spring Assisted Premium Wooden Metal Desk Mount-(Single Screen),355,41,0.16%,0.96%,510,63,0.17%,1.08%,82.88%,0.00%,4,0,1.13%,0.00%,"₹12,360.00",₹0.00,4,0
B0F43P6D23,B0F43P6D23,NexLev Steam Cleaner | Complete Home Kitchen Floor Bathroom Car & Office Cleaning machine | 9 Accessories | 450 ML | Window Pane Sink Grime Chimney Grease Water Stain Cleaner| 4 M Cord |1050W |SC-05,"1,477",34,0.66%,0.80%,"1,973",39,0.66%,0.67%,59.89%,40.00%,4,0,0.27%,0.00%,"₹11,804.00",₹0.00,4,0
B01MF9EJPG,B01MF9EJPG,Nektar SE49 49-Key Full-Size Velocity-Sensitive USB Midi Keyboard Controller with Nektar DAW Integration and Free Professional Recording Software,339,3,0.15%,0.07%,507,4,0.17%,0.07%,100.00%,66.67%,3,0,0.88%,0.00%,"₹28,470.00",₹0.00,3,0
B0BRKDLXCD,B0BRKDLXCD,"RGB Boom Arm, TONOR Adjustable Mic Stand with RGB Light for HyperX QuadCast/Blue Yeti/Shure SM7B/Rode NT1, Rotatable Suspension Boom Scissor Stand for Gaming Streaming Podcasting YouTube Recording T90",155,6,0.07%,0.14%,219,9,0.07%,0.15%,100.00%,100.00%,3,0,1.94%,0.00%,"₹11,997.00",₹0.00,3,0
B0BZPDH6GM,B0BZPDH6GM,"MAONO XLR/USB Podcast Microphone, PC Dynamic Microphone for Recording, Streaming, Gaming & Voice-Over, Metal Mic with Software, Tap-to-Mute, Headphone Jack, Gain Knob &",90,0,0.04%,0.00%,190,0,0.06%,0.00%,84.71%,0.00%,3,0,3.33%,0.00%,"₹11,697.00",₹0.00,3,0
B0D9KFZYG8,B0D9KFZYG8,"NexLev Steamer For Cold & Cough| Face Steam,Inhaler & Vaporizer | Perfect for Facial & Aromatherapy | Nano Ionic Steam | Uv Sterilization | Aroma Diffuser|30 Sec Heating|Avoid Burns & Spillage | FS-01","2,356",31,1.05%,0.73%,"2,867",36,0.96%,0.62%,10.92%,15.00%,3,0,0.13%,0.00%,"₹3,499.00",₹0.00,3,0
B0DFCG2VGS,B0DFCG2VGS,"Nexlev Multi Purpose Electric Food Kettle|1.8L Stainless Steel Pot| 600W|Boil, Steam, Fry, Saute| Double Layered Body|2 Heat Settings|Multi Function for Water, Milk, Egg, Soup, Noodles|KE-01","1,274",25,0.57%,0.59%,"1,892",48,0.63%,0.82%,11.32%,0.00%,3,0,0.24%,0.00%,"₹5,247.00",₹0.00,3,0
B0FN4FPJ83,B0FN4FPJ83,"White Mulberry POS Machine Stand Universal Credit Card Machine Stand – 360° Swivel & +45°/-45° Tilt |Fits 2.8""-4.3"" Devices, 6.5"" Panel Size| Heavy-Duty Steel & Bolt-Down Mount with Cable Management",48,4,0.02%,0.09%,79,7,0.03%,0.12%,100.00%,100.00%,4,2,8.33%,50.00%,"₹7,996.00","₹3,998.00",3,1
B0FS6TB7CP,B0FS6TB7CP,NexLev Portable Blender for Smoothies Milkshakes Crushing Ice Juices | 6 Leaf Stainless Steel Blade | 3000 mAh Battery | Type C Rechargeable | Mix Fruit Juicer | 450ml | For Kitchen & Travel | PB-01,581,8,0.26%,0.19%,818,12,0.27%,0.21%,66.09%,62.50%,3,0,0.52%,0.00%,"₹6,294.00",₹0.00,3,0
B01EN0G8AI,B01EN0G8AI,Nektar Impact GX49 49-Key Full-Size Velocity-Sensitive USB Midi Keyboard Controller with Nektar DAW Integration and Free Professional Recording Software,225,2,0.10%,0.05%,346,2,0.12%,0.03%,58.65%,0.00%,2,0,0.89%,0.00%,"₹20,980.00",₹0.00,2,0
B01ISNU3X4,B01ISNU3X4,"TONOR Dynamic Karaoke Microphone for Singing with 4.5m XLR Cable, Metal Handheld Mic Compatible with Karaoke Machine/Speaker/Amp/Mixer for Karaoke Singing, Speech, Wedding, Stage and Outdoor Activity","1,737",34,0.77%,0.80%,"2,557",46,0.85%,0.79%,4.81%,0.00%,2,0,0.12%,0.00%,"₹3,390.00",₹0.00,2,0
B09CLKBXS4,B09CLKBXS4,Nektar Impact GX Mini 25 Velocity-sensitive Mini Keys Portable USB Midi Controller,478,8,0.21%,0.19%,628,12,0.21%,0.21%,100.00%,100.00%,2,0,0.42%,0.00%,"₹9,998.00",₹0.00,2,0
B0B4G19R58,B0B4G19R58,"Audio Array AM-C2 XLR Condenser Microphone Kit | Boom Arm, 2M Cable, Pop Filter & Mic Cover | Compatible with Audio Interface, Mixer & preamp | Recording, Podcasting, Streaming, Home Studio (Black)",697,12,0.31%,0.28%,966,17,0.32%,0.29%,3.21%,0.00%,2,0,0.29%,0.00%,"₹3,849.00",₹0.00,2,0
B0CCVBQRFX,B0CCVBQRFX,"TONOR USB/XLR Microphone, Broadcast-Quality Dynamic Studio PC Mic with Boom Arm for Podcasting Recording Gaming Music Streaming Singing Voice-Over Noise Rejection, with 3.5mm Headphones Jack TD510+",39,0,0.02%,0.00%,48,0,0.02%,0.00%,100.00%,0.00%,2,0,5.13%,0.00%,"₹12,398.00",₹0.00,2,0
B0CM6NTWBP,B0CM6NTWBP,"Audio Array AI-10 Professional Live Soundcard|1Ch Mixer |Bluetooth | 3 Condenser Mic Inputs, 2 mobilephones & PC/Mac Outputs | +48V phantom power, 4 Voice Modes, Denoise, built-in FX | Gaming, Karaoke",640,9,0.28%,0.21%,"1,041",14,0.35%,0.24%,12.84%,0.00%,2,0,0.31%,0.00%,"₹6,198.00",₹0.00,2,0
B0CM9HYVDM,B0CM9HYVDM,"Audio Array AM-W18 Wireless Karaoke Speaker with Microphone | Portable Bluetooth Speaker for Singing & Gifting with Voice Changer | Upto 8+ Hours of Playback | Bluetooth v5.3, SD Card & AUX in (Pink)","1,443",35,0.64%,0.82%,"2,041",51,0.68%,0.87%,2.09%,0.00%,2,0,0.14%,0.00%,"₹2,498.00",₹0.00,2,0
B0CQX9ZZMH,B0CQX9ZZMH,NexLev Handheld Garment Steamer |1800 Watts | 25 g/min | 300 ML | Vertical & Horizontal Ironing for Silk Velvet & | Damage Free Steam for all Cloth Types | 25sec quick heat | 3 Brushes | GS-04,64,1,0.03%,0.02%,105,1,0.04%,0.02%,98.85%,100.00%,2,0,3.13%,0.00%,"₹4,398.00",₹0.00,2,0
B0CSCT63BL,B0CSCT63BL,"TONOR TM310 USB Conference Microphone for Laptop, Adjustable Computer PC Mic with Mute Button & LED Indicator for Video Call Meeting, Mic for Desktop Zoom Skype YouTube, Plug-Play for MacOS Windows",181,9,0.08%,0.21%,232,11,0.08%,0.19%,45.69%,0.00%,2,0,1.10%,0.00%,"₹5,998.00",₹0.00,2,0
B0D383WQPB,B0D383WQPB,NexLev Foldable Garment Steamer for Home & Travel | Convenient Vertical Steaming | 1200W | 120 ml | Lightweight & Compact | 30s Fast Heating | Iron for all Cloth Types | 2 M cord | Anti Spill | GS-05,"2,386",61,1.06%,1.44%,"3,045",82,1.02%,1.40%,2.08%,0.00%,2,0,0.08%,0.00%,"₹3,658.00",₹0.00,2,0
B0D672NXC8,B0D672NXC8,"Nexlev SWIPE Steam Cleaner | 3.5 Bar Strong Steam|Multipurpose Steam Cleaner for Car, Kitchen, Bathroom, Floor, Window, Glass, Upholstery| 8 Accessories Kit|Safety Lock| Large 700ML Water Tank | SC-03",338,14,0.15%,0.33%,478,18,0.16%,0.31%,31.88%,30.00%,2,0,0.59%,0.00%,"₹13,998.00",₹0.00,2,0
B0D83Q7L8W,B0D83Q7L8W,"NexLev Ionic Hot Air Brush | 3 in 1 Blow Dryer, Straightener, Volumizer & Styler | 360° Airflow Vents | Ceramic Tourmaline Coated Brushing Head | Tangle Free Bristle |3 Speed & 2 Heat Settings | V-01",516,4,0.23%,0.09%,836,6,0.28%,0.10%,7.01%,0.00%,2,0,0.39%,0.00%,"₹2,700.00",₹0.00,2,0
B0DFCDZWND,B0DFCDZWND,NexLev Cordless Electric Heating Pad| Period Cramp & Back Pain Relief Massager | 9 modes| Menstrual Cramp Relief|Type C| Crampfree Periods | Portable | Gift for Women| Strap upto 40 Inch |Purple CM-02,316,8,0.14%,0.19%,392,14,0.13%,0.24%,68.11%,100.00%,2,0,0.63%,0.00%,"₹2,798.00",₹0.00,2,0
B0DM66B2DW,B0DM66B2DW,"NexLev Knee Massager for Joint Pain Relief |Controlled Vibration & Heating for Arthritis, Knee, Shoulder or Elbow pain | 15 modes |2 Extension Belt |Graphene Heating pad for Consistent Heating | KM-01",508,22,0.23%,0.52%,690,30,0.23%,0.51%,22.64%,6.67%,2,0,0.39%,0.00%,"₹2,898.00",₹0.00,2,0
B0DM6BB3VT,B0DM6BB3VT,NexLev Calf Massager | Daily Use Leg Massager for Sore Muscle |1 Piece | Hand Like Massage with Air Compression | Improve Blood Circulation & Relieve Pain | 2500 mAh | Large Belt | Type C |CFM-01,444,15,0.20%,0.35%,654,23,0.22%,0.39%,23.31%,38.46%,2,0,0.45%,0.00%,"₹5,998.00",₹0.00,2,0
B0DXFPM4N2,B0DXFPM4N2,"Audio Array AM-S1 BT v5.3 |Professional 4"" Studio Monitor Speaker Pair| 60W Class D Amplification,Woven Composite Woofer,1"" Silk-Dome Tweeter,EQ Controls|Music/Monitor Mode, Aux, HDMI, USB C, TRS, RCA","2,949",66,1.31%,1.55%,"4,295",107,1.43%,1.83%,1.33%,0.00%,2,0,0.07%,0.00%,"₹17,198.00",₹0.00,2,0
B0F29SZCVF,B0F29SZCVF,"NexLev Knee Massager for Joint Pain Relief |Controlled Vibration & Heating for Arthritis, Knee, Shoulder or Elbow pain | 15 modes |2 Extension Belt |Graphene Heating pad for Consistent Heating | KM-01",212,8,0.09%,0.19%,294,18,0.10%,0.31%,14.12%,25.00%,2,0,0.94%,0.00%,"₹3,188.00",₹0.00,2,0
B01MCVTGVL,B01MCVTGVL,"SE ELECTRONICS V7 Premium Dynamic Supercardioid Microphone for Speech, Singers, Voice-Overs Artists, and Performers Intended for Live Stage and Professional Studio Recordings with 3 Years Warranty",255,13,0.11%,0.31%,405,15,0.14%,0.26%,9.38%,8.33%,1,0,0.39%,0.00%,"₹9,490.00",₹0.00,1,0
B074CC1M7T,B074CC1M7T,Nektar IMPACT GX61 61-Key Full-Size Velocity-Sensitive USB Midi Keyboard Controller with Nektar DAW Integration and Free Professional Recording Software,174,2,0.08%,0.05%,238,2,0.08%,0.03%,3.72%,0.00%,1,0,0.57%,0.00%,"₹12,490.00",₹0.00,1,0
B07GVGMW59,B07GVGMW59,"TONOR G11 Conference USB Microphone, Omnidirectional Condenser PC Mic for Video Conference, Recording, Skype, Online Class, Court Reporter, Plug & Play Compatible with Mac OS X Windows PC Computer",228,15,0.10%,0.35%,329,25,0.11%,0.43%,2.40%,0.00%,1,0,0.44%,0.00%,"₹2,499.00",₹0.00,1,0
B08CF614NK,B08CF614NK,"MAONO AU-PM422 Podcast Microphone with Zero Latency Monitoring, 192KHZ/24BIT Professional Cardioid Condenser Mic with Touch Mute Button and Mic Gain Knob for Recording, Podcasting, Gaming, YouTube","1,155",16,0.51%,0.38%,"1,633",20,0.54%,0.34%,5.72%,0.00%,1,0,0.09%,0.00%,"₹5,499.00",₹0.00,1,0
B08CVP2HXP,B08CVP2HXP,"TONOR USB Microphone, Condenser Computer PC Mic with Tripod Stand, Metal,Pop Filter, Shock Mount for Gaming,Streaming,Podcasting,YouTube, Voice Over,Skype, Twitch,Compatible with Laptop Desktop, TC30",478,6,0.21%,0.14%,678,10,0.23%,0.17%,2.61%,0.00%,1,0,0.21%,0.00%,"₹2,299.00",₹0.00,1,0
B08NDB5NWP,B08NDB5NWP,"TONOR USB Conference Microphone, 360 Omnidirectional PC Computer Condenser Mic with Mute Button for Online Meeting/Class, Zoom Call, Skype Chatting, Plug & Play (TM20,Red)",124,8,0.06%,0.19%,168,9,0.06%,0.15%,3.87%,0.00%,1,0,0.81%,0.00%,"₹2,999.00",₹0.00,1,0
B08SBSN88X,B08SBSN88X,"Audient iD4 (MKII) 2in/2out High-Performance USB 3.0 Audio Interface with Audient Console Mic Preamp, Dual Headphone Outputs, DI Instrument Input, ScrollControl Feature, & Free Software Bundle - Mac/Win/iOS Compatible","1,725",25,0.77%,0.59%,"2,425",40,0.81%,0.68%,7.36%,0.00%,1,0,0.06%,0.00%,"₹17,989.00",₹0.00,1,0
B09GTMFRGB,B09GTMFRGB,"Maono AU-HD300T USB/XLR Dynamic Mic for Singing, PC, YouTube Recording Professional Microphone with 0-Latency Monitoring, Volume Control, Adjustable Mic Stand, Shock Mount and Pop Filter (Black)",103,2,0.05%,0.05%,136,3,0.05%,0.05%,52.89%,0.00%,1,0,0.97%,0.00%,"₹3,899.00",₹0.00,1,0
B09LCDJMS5,B09LCDJMS5,"Audio Interface-Podcast Equipment-MAONO-MaonoCaster-All in One - Portable Podcast production Studio with premium mic preamp for Podcast Recording, Streaming, Youtube, DJ, PC, Smartphone (AME2)",56,1,0.02%,0.02%,97,1,0.03%,0.02%,46.25%,0.00%,1,0,1.79%,0.00%,"₹6,999.00",₹0.00,1,0
B0B4G89VQJ,B0B4G89VQJ,"Audio Array AM-W10 Professional Dual Wireless Lapel Mics | Upto 10hr Battery & 100m Range | 2X Lapel mics, Type C Adapter for Easy Plug&Play | Volume & Mute Function | Vlogging, Streaming, YouTube",98,6,0.04%,0.14%,176,10,0.06%,0.17%,46.15%,0.00%,1,0,1.02%,0.00%,"₹3,699.00",₹0.00,1,0
B0BMSMB6DK,B0BMSMB6DK,"MAONO XLR Condenser Microphone with 34mm Large Diaphragm, Professional Cardioid Studio Mic for Podcasting, Recording, Streaming, Vocals, Voice Over, Music, ASMR(PM500T)",24,0,0.01%,0.00%,42,0,0.01%,0.00%,100.00%,0.00%,1,0,4.17%,0.00%,"₹5,999.00",₹0.00,1,0
B0BZPGXMLM,B0BZPGXMLM,"MAONO Gaming Microphone for PC, USB Programmable Condenser Mic with RGB Lights, Mute, Gain, Monitoring, Volume Control for Streaming, Podcast, Twitch, YouTube, Discord, Computer, Mac, DM30 Black",14,1,0.01%,0.02%,21,1,0.01%,0.02%,100.00%,0.00%,1,0,7.14%,0.00%,"₹3,499.00",₹0.00,1,0
B0C4YTNJG7,B0C4YTNJG7,"Audio Array AM-C30 Metal RGB Professional USB Microphone | One-Touch Mute, Gain & No-Latency Monitoring Controls | Shock Mount and Tripod | for PC/Mobile, Gaming, Streaming, Podcasting & Voiceover",365,20,0.16%,0.47%,475,22,0.16%,0.38%,11.38%,0.00%,1,0,0.27%,0.00%,"₹1,899.00",₹0.00,1,0
B0C9RYFN4R,B0C9RYFN4R,"SE ELECTRONICS V2 Switch Professional Supercardioid Dynamic Microphone with On/Off Switch for Speech, Singers, and Performers Intended for Live Stage and Studio Recordings with 3 Years Warranty.",159,9,0.07%,0.21%,236,19,0.08%,0.33%,67.44%,11.11%,1,0,0.63%,0.00%,"₹5,490.00",₹0.00,1,0
B0CC3BJKGN,B0CC3BJKGN,"PreSonus Eris 3.5 2nd Gen HD Professional Studio Monitors with 3.5"" Woven Composite Woofer, 1"" Silk-Dome Tweeter, 50W Class AB Power and Tuning Controls (Auxillary) - Pair (Black)","2,131",54,0.95%,1.27%,"3,010",101,1.00%,1.73%,13.52%,0.00%,1,0,0.05%,0.00%,"₹11,990.00",₹0.00,1,0
B0CDQ98FDM,B0CDQ98FDM,"nexlev Travel Neck Pillow | Orthopedic Premium Memory Foam | for Airplane, Car, Train, Office use & Cervical Pain | Machine Washable | 360 Support | Carry Pouch for Storage | NP-01",35,1,0.02%,0.02%,43,4,0.01%,0.07%,27.50%,0.00%,1,0,2.86%,0.00%,₹695.00,₹0.00,1,0
B0CFKHCQ8W,B0CFKHCQ8W,"Tonor Mic Arm Desk Mount, Low Profile Boom Arm, Microphone Arm, Adjustable Mic Stand with Desk Mount Clamp, Cable Management, 3/8’’ and 5/8’’ Screwadapter for Most Microphone T20LP Black",123,5,0.05%,0.12%,167,6,0.06%,0.10%,100.00%,100.00%,1,0,0.81%,0.00%,"₹2,299.00",₹0.00,1,0
B0CH4PMR8K,B0CH4PMR8K,"Audio Array AM-C41 Plug & Play AI Noise Cancellation USB Condenser Microphone | Mute Button/Echo/Volume Knob | Kit with Tripod, Mic Cover | Gaming, Streaming, Podcast | Mac/PC/Laptop/Mobile",124,6,0.06%,0.14%,173,7,0.06%,0.12%,36.25%,0.00%,1,0,0.81%,0.00%,"₹1,599.00",₹0.00,1,0
B0CQX3VB1R,B0CQX3VB1R,"TONOR Dynamic USB/Type-C Microphone for PC, RGB Podcast Computer Gaming Microphone with Arm Stand for Recording, Live, Streaming, YouTube, Vocals, Studio, Karaoke Microphone, Quick Mute Button, Black",190,2,0.08%,0.05%,300,2,0.10%,0.03%,45.20%,0.00%,1,0,0.53%,0.00%,₹0.00,₹0.00,1,0
B0D2LKB4BJ,B0D2LKB4BJ,"Nexlev Hair Styling Straightener & Curler| 2 in 1 Hair Styler| 200°C in 30 Seconds| Long Ceramic Floating Plates| Rounded Body for Curls| Plate lock| Portable |HS-02, Hair Straightener Tong - Purple",215,0,0.10%,0.00%,251,0,0.08%,0.00%,96.57%,0.00%,1,0,0.47%,0.00%,₹790.00,₹0.00,1,0
B0D3M1B4Z8,B0D3M1B4Z8,"Audio Array AM-C46 Professional RGB USB Condenser Microphone Kit | Noise-Cancellation, Mute, Monitoring & Volume Controls | 192kHz/24bit Studio Quality | Gaming, Streaming, Podcast | Mac/PC/Mobile","3,207",70,1.43%,1.65%,"4,517",103,1.51%,1.76%,0.93%,0.00%,1,0,0.03%,0.00%,"₹3,529.00",₹0.00,1,0
B0D845B2DG,B0D845B2DG,"NexLev Lint Remover | for Woolen Sweaters Shirts Socks Jackets Suede Leggings Curtains & Carpets | Pill, Rue & Burr Remover | 120 Min Use |TypeC | Lint Brush for Coat| SS Blade | Safety Lock | LR-02",453,15,0.20%,0.35%,658,22,0.22%,0.38%,8.58%,0.00%,1,0,0.22%,0.00%,"₹1,650.00",₹0.00,1,0
B0DCGHKRXX,B0DCGHKRXX,NexLev LED Phototherapy comb | Electric Scalp Massager | Red Light for Regrowth | Blue Light for Anti Dandruff | Hairfall Control | Rechargeable TypeC | Targeted Laser Treatment Machine |3 Modes |LE-02,"4,518",10,2.01%,0.24%,"5,669",12,1.89%,0.21%,5.67%,0.00%,1,0,0.02%,0.00%,"₹2,050.00",₹0.00,1,0
B0DFMLXD9S,B0DFMLXD9S,"Audio Array AM-W34 UHF Dual Wireless Premium Metal Microphones | 800mAh 6-8 Hours Receiver Battery Backup | Range up to 50M | Karaoke Singing, Wedding, Church | PA System, Amplifier, Mixer, Party Box",391,15,0.17%,0.35%,539,20,0.18%,0.34%,38.46%,0.00%,1,0,0.26%,0.00%,"₹3,549.00",₹0.00,1,0
B0DKJSCLBD,B0DKJSCLBD,"NexLev Cordless Wet & Dry Vacuum Cleaner|For Home Car & Office Use|3 Attachments |HEPA to capture dust | 4000 mAh Battery|Quick Cleaning of Desk, Coffee tea or Water Spill | Compact & Portable | VC-05",255,3,0.11%,0.07%,341,4,0.11%,0.07%,76.92%,50.00%,1,0,0.39%,0.00%,"₹2,299.00",₹0.00,1,0
B0DP2VVRND,B0DP2VVRND,White Mulberry |DIY| Height Adjustable Monitor Stand Mount | Supports 17-32 Inch Screens| 10 Kg Screen Load | VESA 75X75 & 100X100 | Freestanding Monitor Mount | Black - (Single Screen),832,46,0.37%,1.08%,"1,295",75,0.43%,1.28%,3.18%,0.00%,1,0,0.12%,0.00%,"₹2,099.00",₹0.00,1,0
B0FPR962YS,B0FPR962YS,"Audio Array AM-W22 | Latest 2026 Edition Wireless Microphone for Camera/iPhone/Android/iPad/Laptop, Lav Mic with Charging Case, AI Noise Reduction, 50H Battery, 230ft Range, for Recording, YouTube",783,21,0.35%,0.49%,"1,129",30,0.38%,0.51%,0.20%,0.00%,1,0,0.13%,0.00%,"₹3,599.00",₹0.00,1,0
B007JW0962,B007JW0962,Cympad MD60 Cympad Moderator Double Set 60mm,2,0,0.00%,0.00%,3,0,0.00%,0.00%,100.00%,0.00%,0,0,0.00%,0.00%,₹0.00,₹0.00,0,0
B007JW09TO,B007JW09TO,Cympad MD80 Cympad Moderator Double Set 80mm,1,0,0.00%,0.00%,1,0,0.00%,0.00%,100.00%,0.00%,0,0,0.00%,0.00%,₹0.00,₹0.00,0,0
B00AAEQIH0,B00AAEQIH0,SE ELECTRONICS Reflexion Filter RF-X (Black),14,0,0.01%,0.00%,22,0,0.01%,0.00%,31.58%,0.00%,0,0,0.00%,0.00%,₹0.00,₹0.00,0,0
B00KIXUYK0,B00KIXUYK0,Nektar NP-2 Universal Sustain Pedal,3,0,0.00%,0.00%,4,0,0.00%,0.00%,75.00%,0.00%,0,0,0.00%,0.00%,₹0.00,₹0.00,0,0
B01MF9VM2N,B01MF9VM2N,"SE ELECTRONICS X1 A Professional Large-Diaphragm Condenser Microphone for Recording Vocals & All Instruments, with -20dB Pad and 100Hz Highpass Filter - Black",105,5,0.05%,0.12%,137,7,0.05%,0.12%,8.80%,0.00%,0,0,0.00%,0.00%,₹0.00,₹0.00,0,0
B071VPNJLS,B071VPNJLS,"Lewitt LCT 440 Pure Single-Pattern 1"" XLR Unidirectional Large Diaphragm Studio Condenser Microphone (Black)",744,15,0.33%,0.35%,"1,147",18,0.38%,0.31%,1.37%,0.00%,0,0,0.00%,0.00%,₹0.00,₹0.00,0,0
B072F5J32C,B072F5J32C,Lewitt LCT-240 Pro Cardioid Condenser Microphone for Professional Recording (Black),"1,697",18,0.75%,0.42%,"2,607",24,0.87%,0.41%,3.86%,0.00%,0,0,0.00%,0.00%,₹0.00,₹0.00,0,0
B078JQ33SM,B078JQ33SM,SE ELECTRONICS V7 X Supercardioid Dynamic Instrument Microphone,71,4,0.03%,0.09%,92,4,0.03%,0.07%,7.95%,0.00%,0,0,0.00%,0.00%,₹0.00,₹0.00,0,0
B078WNW4YW,B078WNW4YW,"TONOR Wireless Microphone Isolation Shield, Mic Sound Absorbing Foam Reflector for Any Condenser Recording Equipment Studio (Black)",247,7,0.11%,0.16%,343,8,0.11%,0.14%,1.32%,0.00%,0,0,0.00%,0.00%,₹0.00,₹0.00,0,0
B07JHMWKBF,B07JHMWKBF,Maono AU-B00 Pop Filter for Studio Condenser Microphone with Wind Screen and Metal Gooseneck Holder (Black),988,14,0.44%,0.33%,"1,184",15,0.39%,0.26%,1.35%,0.00%,0,0,0.00%,0.00%,₹0.00,₹0.00,0,0
B07MZXKZVG,B07MZXKZVG,"Lewitt 040 Match Pair Condenser Microphones, Matched Stereo Pair for Instrument Recordings",181,3,0.08%,0.07%,215,3,0.07%,0.05%,28.92%,0.00%,0,0,0.00%,0.00%,₹0.00,₹0.00,0,0
B07NC254QQ,B07NC254QQ,"Arturia MicroFreak 25-key Paraphonic Hybrid Hardware Synth with Poly-aftertouch Flat Keyboard, Wavetable and Digital Oscillators, Analog Filters, Modulation Matrix, Arpeggiator, and Sequencer Black",285,1,0.13%,0.02%,370,1,0.12%,0.02%,16.67%,0.00%,0,0,0.00%,0.00%,₹0.00,₹0.00,0,0
B07TS7J7S3,B07TS7J7S3,"Lewitt 441 Flex Multi-Pattern 1"" Large-Diaphragm Studio Condenser Microphone",332,6,0.15%,0.14%,454,7,0.15%,0.12%,0.25%,0.00%,0,0,0.00%,0.00%,₹0.00,₹0.00,0,0
B07TSN2H9D,B07TSN2H9D,"TONOR Cardioid Condenser Microphone, USB Computer Mic Kit with 24mm Diaphragm/Spider Shock Mount for Podcasting, Gaming, Streaming, YouTube, Voice Over, Studio/Home Recording, TC-2030",285,0,0.13%,0.00%,409,0,0.14%,0.00%,9.01%,0.00%,0,0,0.00%,0.00%,₹0.00,₹0.00,0,0
B07WLWN2ZT,B07WLWN2ZT,"TONOR USB Gaming Microphone, Computer Condenser PC Mic with Tripod Stand & Pop for Streaming, Podcasting, Vocal Recording, Compatible with iMac PC Laptop Desktop Windows Computer, TC-777",387,1,0.17%,0.02%,499,1,0.17%,0.02%,10.31%,0.00%,0,0,0.00%,0.00%,₹0.00,₹0.00,0,0
B082W4B7SX,B082W4B7SX,"TONOR Microphone Arm Stand, TONOR Adjustable Suspension Boom Scissor Mic Stand with Pop , 3/8"" to 5/8"" Adapter, Mic Clip, Upgraded Heavy Duty Clamp for Blue Yeti Nano Snowball Ice and Other Mics(T20)",102,5,0.05%,0.12%,123,5,0.04%,0.09%,0.88%,0.00%,0,0,0.00%,0.00%,₹0.00,₹0.00,0,0
B087MMY6T8,B087MMY6T8,"SE Electronics RF-X Portable Vocal Booth - Studio-Grade Isolation Shield for Singers, Podcasters and Musicians - Ideal for Home Recordings, Podcasting - Achieve Professional Sound Quality - Red",8,0,0.00%,0.00%,8,0,0.00%,0.00%,100.00%,0.00%,0,0,0.00%,0.00%,₹0.00,₹0.00,0,0
B087MPHGHT,B087MPHGHT,"SE Electronics RF-X Portable Vocal Booth - Studio-Grade Isolation Shield for Singers, Podcasters and Musicians - Ideal for Home Recordings, Podcasting - Achieve Professional Sound Quality - White",19,0,0.01%,0.00%,21,0,0.01%,0.00%,30.00%,0.00%,0,0,0.00%,0.00%,₹0.00,₹0.00,0,0
B089FVQD3Z,B089FVQD3Z,"Microphone Stand Extension Arm, TONOR Studio Suspension Scissor Boom Arm with Pop Filter, 3/8"" to 5/8"" Adapter, Mic Clip, Upgraded Heavy Duty Clamp for Blue Yeti Snowball Ice and Other Mics(T30)",66,5,0.03%,0.12%,101,12,0.03%,0.21%,5.68%,0.00%,0,0,0.00%,0.00%,₹0.00,₹0.00,0,0
B089SJGQBH,B089SJGQBH,"TONOR XLR Condenser Microphone, Professional Cardioid Studio Mic Kit with T20 Boom Arm, Shock Mount, Pop Filter for Recording, Podcasting, Voice Over, Streaming, Home Studio, YouTube (TC20)",38,1,0.02%,0.02%,54,3,0.02%,0.05%,100.00%,100.00%,0,0,0.00%,0.00%,₹0.00,₹0.00,0,0
B08FW1Q676,B08FW1Q676,"MAONO AU-PM421 Large Diaphragm Condenser USB Unidirectional Microphone, Professional Studio Recording Mic with 1-Touch Mute and Mic Gain Knob for Pc, Singing, Podcast, Gaming, YouTube (Black)","1,312",14,0.58%,0.33%,"1,721",14,0.57%,0.24%,1.55%,11.11%,0,0,0.00%,0.00%,₹0.00,₹0.00,0,0
B08V1JS3NY,B08V1JS3NY,"TONOR USB Microphone Kit, Streaming Podcast PC Cardioid Condenser Computer Mic for Gaming, YouTube Video, Recording Music, Voice Over, Studio Mic Bundle with Adjustment Arm Stand(TC40)",9,0,0.00%,0.00%,11,0,0.00%,0.00%,100.00%,0.00%,0,0,0.00%,0.00%,₹0.00,₹0.00,0,0
B0987JXLGG,B0987JXLGG,"NPET Cat Bowl WB10, 2L Double Tilted Raised Cat Bowls for Food and Water Set with 2 Replacement Filters, No-Spill Feeding Drinking Dish Suitable for Indoor Cats & Small Dogs (WB10)",1,1,0.00%,0.02%,1,1,0.00%,0.02%,100.00%,100.00%,0,0,0.00%,0.00%,₹0.00,₹0.00,0,0
B09HL4GZF9,B09HL4GZF9,"Arturia MiniFuse 2, 2in / 2out USB-C Audio Interface with 2 Mic/Line/Instrument Preamps, Built-in USB Hub, Loopback and Included Software Bundle - Mac/PC (White)",936,18,0.42%,0.42%,"1,333",25,0.44%,0.43%,6.29%,0.00%,0,0,0.00%,0.00%,₹0.00,₹0.00,0,0
B09HL4T36F,B09HL4T36F,"Arturia MiniFuse 1, 1in / 2out USB-C Audio Interface, with 1 Mic/Line/Instrument Preamp, Built-in USB Hub, Loopback and Included Software Bundle - Mac/PC (White)","1,695",29,0.75%,0.68%,"2,282",34,0.76%,0.58%,1.43%,0.00%,0,0,0.00%,0.00%,₹0.00,₹0.00,0,0
B09HL5WPP6,B09HL5WPP6,"Arturia MiniFuse 1, 1in / 2out USB-C Audio Interface, with 1 Mic/Line/Instrument Preamp, Built-in USB Hub, Loopback and Included Software Bundle - Mac/PC (Black)",427,7,0.19%,0.16%,527,8,0.18%,0.14%,5.92%,0.00%,0,0,0.00%,0.00%,₹0.00,₹0.00,0,0
B09KLHYW1T,B09KLHYW1T,"Nektar Impact LX Mini 25-key USB MIDI Controller Keyboard with Nektar DAW Integration, 8 Velocity-Sensitive Pads, Arpeggiator and Note Repeat Mode and Software Bundle",222,4,0.10%,0.09%,281,4,0.09%,0.07%,8.24%,25.00%,0,0,0.00%,0.00%,₹0.00,₹0.00,0,0
B09L7ZXKKF,B09L7ZXKKF,"MAONO Compact Wireless Lavalier Microphone, 2.4GHz Dual Lapel Mics with Real-time Monitoring, Gain Adjustment and Mute for Interview, Vlogging, Live Streaming, Phone, Camera (WM820 A2)",69,4,0.03%,0.09%,88,4,0.03%,0.07%,100.00%,100.00%,0,0,0.00%,0.00%,₹0.00,₹0.00,0,0
B09Z5Q194D,B09Z5Q194D,"TONOR USB Microphone Computer Gaming Condenser Mic, Noise-Canceling Zero Latency Monitoring for Podcast/Recording/Livestreaming/Teleconferencing on PC/Mac/Android Device, Plug and Play, ORCA001",252,5,0.11%,0.12%,315,6,0.11%,0.10%,22.15%,0.00%,0,0,0.00%,0.00%,₹0.00,₹0.00,0,0
B0B4DPX2J2,B0B4DPX2J2,"Audio Array AM-C1 USB Condenser Microphone Kit | 192kHz/24bit | 20-20KHz | 16mm Diaphram | BoomArm,Pop Filter, Mic Cover, Shock Mount,Tripod & 2.5M USB Cable | Podcasting,Gaming & Singing","15,508",228,6.90%,5.36%,"21,553",325,7.19%,5.57%,0.15%,0.00%,0,0,0.00%,0.00%,₹0.00,₹0.00,0,0
B0B4DS678Q,B0B4DS678Q,"Audio Array AM-C4 USB Plug & Play Condenser Microphone with Tripod, Pop-Filter & Shock Mount | for Conference, Gaming, Podcasting, Voice Over, YouTube, Skype, Zoom & Live Streaming on iOS,Windows",268,3,0.12%,0.07%,328,3,0.11%,0.05%,2.29%,0.00%,0,0,0.00%,0.00%,₹0.00,₹0.00,0,0
B0B4G1HPL5,B0B4G1HPL5,"Audio Array AM-C11 XLR/USB Dynamic Podcast Microphone | Built-in Monitoring | One Touch Mute and Volume Control | Premium Metal Build | 2M XLR & USB Cable | Streaming, Gaming, Podcasting, Singing",375,6,0.17%,0.14%,547,10,0.18%,0.17%,0.00%,0.00%,0,0,0.00%,0.00%,₹0.00,₹0.00,0,0
B0B4G59Y8W,B0B4G59Y8W,"Audio Array AM-W13 UHF Wireless Premium Metal Microphone | 4+ Hours Receiver Battery Backup | Range up to 60m | Karaoke Singing, Wedding, DJ | Compatible with PA System, Amplifier, Mixer, Party Box",0,0,0.00%,0.00%,0,0,0.00%,0.00%,0.00%,0.00%,0,0,0.00%,0.00%,₹0.00,₹0.00,0,0
B0B4G7VWXD,B0B4G7VWXD,"Audio Array AA-04 Metal Spider Shock Mount for Condenser Microphone | Anti Vibration, Suspension, Isolation | 4 Size Bottom Screws & Extra Replacement Elastic Bands | Recommended For Rode, Samson, etc",183,6,0.08%,0.14%,274,8,0.09%,0.14%,0.41%,0.00%,0,0,0.00%,0.00%,₹0.00,₹0.00,0,0
B0B4G8PH2P,B0B4G8PH2P,"Audio Array AA-01 Suspension Boom Scissor Microphone Stand | Double Layer Mesh Pop Filter | 70cm Sturdy Boom Arm with 1.8kg Capacity | 5/8"" to 3/8"" Screw Adapter | Mic Holder, Foam Cover, Cable Ties",178,10,0.08%,0.24%,256,15,0.09%,0.26%,10.17%,0.00%,0,0,0.00%,0.00%,₹0.00,₹0.00,0,0
B0B4G8ZB64,B0B4G8ZB64,"Audio Array AM-C3 XLR to TRS Dynamic Handheld Karaoke Microphone | Premium Metal Built with 3M Cable | Singing, Public Meetings, Studio Recording, Live Show, Party, Church, Wedding",336,6,0.15%,0.14%,455,9,0.15%,0.15%,0.25%,0.00%,0,0,0.00%,0.00%,₹0.00,₹0.00,0,0
B0B4G94VP3,B0B4G94VP3,"Audio Array AA-03 Double Layer Professional Pop Filter | Flexible 360° Free Angle Adjustable, Durable Windshield | Metal Gooseneck Stabilizing Arm Holder with 32cm Arm Length | Suitable for Recording.",110,4,0.05%,0.09%,137,5,0.05%,0.09%,0.00%,0.00%,0,0,0.00%,0.00%,₹0.00,₹0.00,0,0
B0B4K87PR4,B0B4K87PR4,Audio Array AM-C10 USB Plug & Play Conference Microphone with Speaker | Omni Directional Pickup Upto 4M | Speaker and Mic Mute Buttons | Volume Control & Mute Button | Ideal for Meeting & Video Call,214,6,0.10%,0.14%,280,7,0.09%,0.12%,0.39%,0.00%,0,0,0.00%,0.00%,₹0.00,₹0.00,0,0
B0B4KC7VBM,B0B4KC7VBM,"Audio Array AM-C5 USB Plug & Play Conference Mic for Mac OS & Windows | Conference, Recording, Skype, Online Class with Range Upto 5M | One Touch Mute Button & Light Indicator (NOT A Speaker)",364,33,0.16%,0.78%,495,44,0.17%,0.75%,6.16%,0.00%,0,0,0.00%,0.00%,₹0.00,₹0.00,0,0
B0B4WTHLX5,B0B4WTHLX5,"TONOR RGB USB Microphone, Cardioid Condenser Computer PC Mic with Tripod Stand, Pop Filter, Shock Mount for Gaming, Streaming, Podcasting, YouTube, Twitch, Compatible with Laptop Desktop,TC30 with RGB",191,6,0.08%,0.14%,245,7,0.08%,0.12%,20.44%,0.00%,0,0,0.00%,0.00%,₹0.00,₹0.00,0,0
B0BBL47VR5,B0BBL47VR5,"TONOR RGB USB Gaming Microphone Kit, Podcast Microphone for PC, One-tap Mute for Streaming, Cardioid Condenser Microphone for PS4/5 Gamer Youtuber, Studio Mic Bundle with Adjustment Arm Stand",1,0,0.00%,0.00%,2,0,0.00%,0.00%,100.00%,0.00%,0,0,0.00%,0.00%,₹0.00,₹0.00,0,0
B0BHC6V1KT,B0BHC6V1KT,"Arturia MiniFuse 4, 4-in/4-out USB-C Audio Interface with 2 Mic/Line/Instrument Preamps, 2 Line Inputs, 2 x 250mA USB-A Hub Ports, and Included Software Suite - Mac/PC (Black)",92,1,0.04%,0.02%,108,1,0.04%,0.02%,16.67%,0.00%,0,0,0.00%,0.00%,₹0.00,₹0.00,0,0
B0BHCNWTMZ,B0BHCNWTMZ,"Arturia MiniFuse 4, 4-in/4-out USB-C Audio Interface with 2 Mic/Line/Instrument Preamps, 2 Line Inputs, 2 x 250mA USB-A Hub Ports, and Included Software Suite - Mac/PC (White)",172,0,0.08%,0.00%,224,0,0.07%,0.00%,14.80%,0.00%,0,0,0.00%,0.00%,₹0.00,₹0.00,0,0
B0BHZH13QW,B0BHZH13QW,"Lewitt Connect 6 USB-C Audio Interface: 2 Mic Preamps, Dual Headphone Outputs, Loopback, DSP - for Podcasting, Streaming, Gaming, and Pro Recording - Compatible with Mac, PC, iOS, iPadOS, Android",405,12,0.18%,0.28%,469,13,0.16%,0.22%,97.73%,0.00%,0,0,0.00%,0.00%,₹0.00,₹0.00,0,0
B0BJSB3M9W,B0BJSB3M9W,"SE ELECTRONICS DM3 Dynamite Active Direct Box with -15dB/-30dB Pads, Ground Lift Switch, Perfect for for Live & Studio.",7,0,0.00%,0.00%,10,0,0.00%,0.00%,12.50%,0.00%,0,0,0.00%,0.00%,₹0.00,₹0.00,0,0
B0BLJVJ2GN,B0BLJVJ2GN,"Audio Array AA-05 Suspension Boom Scissor Microphone Arm Stand | Universal clamp with mic Holder & 3/8″ to 5/8″ Adapter for Shock mounts | Suitable for Stages, Studios, Broadcasting, TV Stations",849,18,0.38%,0.42%,"1,210",27,0.40%,0.46%,0.28%,0.00%,0,0,0.00%,0.00%,₹0.00,₹0.00,0,0
B0BLKB6FRR,B0BLKB6FRR,"Audio Array AM-C27 XLR to TRS Cardioid Dynamic Handheld Microphone Sound for Live Events | Premium Built with 4.5M Cable | Singing, Public Meetings, Studio Recording, Live Sound, Party",11,0,0.00%,0.00%,15,0,0.01%,0.00%,72.73%,0.00%,0,0,0.00%,0.00%,₹0.00,₹0.00,0,0
B0BLKF46QG,B0BLKF46QG,"Audio Array AM-C20 USB Microphone | Unique Tilt Stand & one Touch Mute | Plug n Play, No Latency Cardioid Pickup | for PC, Smartphones, iOS | Gaming, Streaming, Podcasts, Twitch, YouTube, Discord",123,3,0.05%,0.07%,164,4,0.05%,0.07%,2.07%,0.00%,0,0,0.00%,0.00%,₹0.00,₹0.00,0,0
B0BLNCP74M,B0BLNCP74M,"Audio Array AM-C25 Premium USB Condenser Microphone Kit with Boom Arm & Pop-Filter | No Latency Headphone Monitoring, Volume Control & Mute Button | Discord, Valorant, Gaming, Podcasting & Streaming",50,0,0.02%,0.00%,58,0,0.02%,0.00%,71.70%,0.00%,0,0,0.00%,0.00%,₹0.00,₹0.00,0,0
B0BLSMX1QP,B0BLSMX1QP,"MAONO AU-PM471TS Condenser USB Microphone for PC, with Metal Pop Filter, Tripod, Gain Knob & 0-Latency Monitoring for YouTube, Podcasting, Streaming",68,2,0.03%,0.05%,78,2,0.03%,0.03%,100.00%,100.00%,0,0,0.00%,0.00%,₹0.00,₹0.00,0,0
B0BPHWH5KV,B0BPHWH5KV,SE ELECTRONICS DynaCaster DCM3 Dynamic Broadcast Cardioid Microphone,10,0,0.00%,0.00%,13,0,0.00%,0.00%,27.27%,0.00%,0,0,0.00%,0.00%,₹0.00,₹0.00,0,0
B0BPLZ5CGV,B0BPLZ5CGV,Audio Array AI-04 2x2 Gen 3 Audio Interface | Premium Mic Pre-Amps | 48V Phantom Power | 24bit/192kHz Hi-Fi Recording | XLR/MIC/LINE inputs | Plug & Play-No Drivers | 2 in 3 out | Metal Body | Red,"7,969",157,3.54%,3.69%,"11,608",218,3.87%,3.73%,0.04%,0.00%,0,0,0.00%,0.00%,₹0.00,₹0.00,0,0
B0BPMN89NG,B0BPMN89NG,"Audio Array AM-C29 4 Pickup Pattern Professional USB Plug & Play Condenser Microphone | 3.5 mm No Latency Monitoring, Volume Control & Mute Button | For Conference, Gaming, Podcasting & Live Streaming",15,0,0.01%,0.00%,16,0,0.01%,0.00%,93.33%,0.00%,0,0,0.00%,0.00%,₹0.00,₹0.00,0,0
B0BPSFLT1B,B0BPSFLT1B,NPET Replacement Filters for WB10 (4PCS),1,0,0.00%,0.00%,1,0,0.00%,0.00%,100.00%,0.00%,0,0,0.00%,0.00%,₹0.00,₹0.00,0,0
B0BQ7H7418,B0BQ7H7418,"Audio Array AA-06 Microphone Boom Arm with 35cm+35cm=70cm Adjustable Suspension Scissor Arm Stand, Shock Mount, Base Clamp, Pop-Filter, 3/8"" to 5/8"" Universal Screw Adapter, 4x Cable Ties",260,8,0.12%,0.19%,376,13,0.13%,0.22%,0.00%,0.00%,0,0,0.00%,0.00%,₹0.00,₹0.00,0,0
B0BRCR2QQ7,B0BRCR2QQ7,"TONOR USB Gaming Microphone, RGB Streaming Microfono Set, PC Podcast Recording Computer Mic for PS4/5, Discord, Twitch, Cardioid Condenser Mic with Adjustable Boom Arm Stand TC30S+",115,3,0.05%,0.07%,156,5,0.05%,0.09%,10.07%,0.00%,0,0,0.00%,0.00%,₹0.00,₹0.00,0,0
B0BRKFP94K,B0BRKFP94K,"TONOR TD510 Dynamic Microphone, USB/XLR PC Microphone for Podcast, Recording, Live Streaming & Gaming, XLR Cardioid Studio Mic Music Voice-Over with Quick Mute, Headphone Output, Volume Control",200,4,0.09%,0.09%,295,5,0.10%,0.09%,4.92%,0.00%,0,0,0.00%,0.00%,₹0.00,₹0.00,0,0
B0BTTWTLZD,B0BTTWTLZD,"Audient iD24 10-in/14-out USB-C Audio Interface with 3 Year Warranty 24-bit/96kHz Resolution, 2 Mic Preamps, Instrument Input, 16-channel ADAT I/O, DSP Mixer, and Dual Headphones Output - Mac/PC",392,15,0.17%,0.35%,490,19,0.16%,0.33%,21.85%,0.00%,0,0,0.00%,0.00%,₹0.00,₹0.00,0,0
B0BY8K4BK1,B0BY8K4BK1,"MAONO Podcast Microphone, USB Computer Mic for PC with Software, Boom Arm and Professional Sound Chipset for Singing, Recording, Streaming, Gaming, YouTube, Latest 2023 Edition (AU-A04E) Black",23,0,0.01%,0.00%,32,0,0.01%,0.00%,100.00%,0.00%,0,0,0.00%,0.00%,₹0.00,₹0.00,0,0
B0BYHHSLPC,B0BYHHSLPC,"TONOR TC777 Pro Gaming USB Microphone for PC, RGB Condenser Computer Mic with Tripod Stand, Quick Mute, Gain Control, for Gaming, Streaming, Podcasting, Recording, Cardioid Mic Kit for Laptop/PS4/PS5",324,5,0.14%,0.12%,484,8,0.16%,0.14%,7.11%,0.00%,0,0,0.00%,0.00%,₹0.00,₹0.00,0,0
B0BZPFB3Z2,B0BZPFB3Z2,"MAONO Dynamic Microphone, USB/XLR Podcast PC Microphone with Software, EQ,Tap-to-Mute, Headphone Jack, Gain Knob & Volume Control, Studio Mic for Broadcast, Recording, Streaming & Gaming (PD400X)",0,0,0.00%,0.00%,0,0,0.00%,0.00%,0.00%,0.00%,0,0,0.00%,0.00%,₹0.00,₹0.00,0,0
B0C4YSV3XL,B0C4YSV3XL,Audio Array AM-W15 Dual Wireless Mic with Charging Case | Upto 16hr Battery Backup & 100m Range | Active Noise Cancellation | Informative LCD Screen | BIS & WPC Certified | 2 Yr Warranty,2,0,0.00%,0.00%,2,0,0.00%,0.00%,50.00%,0.00%,0,0,0.00%,0.00%,₹0.00,₹0.00,0,0
B0C4YT43Z3,B0C4YT43Z3,"Audio Array AM-C31 USB Plug & Play Condenser Microphone Kit | Pop-Filter & Metallic Base | 3.5 mm No Latency Monitoring, Volume Control & Mute Button | for PC/Mobile, Gaming, Podcasting & Streaming",68,3,0.03%,0.07%,93,3,0.03%,0.05%,64.37%,0.00%,0,0,0.00%,0.00%,₹0.00,₹0.00,0,0
B0C539RBGL,B0C539RBGL,"Audio Array AM-C32 Professional RGB USB Condenser Microphone with Tripod/Pop Filter & Shock Mount | No Latency Monitoring & Mute Button | For PC/Mobile, Gaming, Podcast, Streaming, Recording & Singing",17,0,0.01%,0.00%,22,0,0.01%,0.00%,100.00%,0.00%,0,0,0.00%,0.00%,₹0.00,₹0.00,0,0
B0C5957W3P,B0C5957W3P,"Audio Array AM-C33 Lapel Microphone | 1M Long, Strong Cable | 3.5mm TRRS | 3.5mm TRRS Port & TRRS to TRS Adapter | Omnidirectional Pickup | Mic Cover & Leather Carry Bag Included | 1 Year Warranty",2,0,0.00%,0.00%,2,0,0.00%,0.00%,0.00%,0.00%,0,0,0.00%,0.00%,₹0.00,₹0.00,0,0
B0C598Q6PT,B0C598Q6PT,"Audio Array AM-C36 Lapel Microphone | 1M Long & Strong Cable | 3.5mm TRRS| 3.5mm TRRS Port, TRRS to TRS & TRRS to USB Type C adapters | Omnidirectional Pickup | Mic Cover & Leather Bag Included",2,0,0.00%,0.00%,3,0,0.00%,0.00%,100.00%,0.00%,0,0,0.00%,0.00%,₹0.00,₹0.00,0,0
B0C624Y9YC,B0C624Y9YC,"Arturia KeyLab Essential 49 mk3 MIDI Controller with 49 Velocity-Sensitive keys, 9 Encoders, 9 Sliders, 8 RGB Pads - USB-C, Midi Out, LCD Screen, Bundled Software and DAW Integration - Black",594,6,0.26%,0.14%,734,7,0.24%,0.12%,26.15%,0.00%,0,0,0.00%,0.00%,₹0.00,₹0.00,0,0
B0C62DNLSB,B0C62DNLSB,"Arturia KeyLab Essential 61 mk3 MIDI Controller with 61 Velocity-Sensitive Keys, 9 Encoders, 9 Sliders, 8 RGB Pads - USB-C, Midi Out, LCD Screen, Bundled Software and DAW Integration - Black",970,4,0.43%,0.09%,"1,199",4,0.40%,0.07%,43.01%,0.00%,0,0,0.00%,0.00%,₹0.00,₹0.00,0,0
B0CBC7QMNV,B0CBC7QMNV,"Audio Array AM-C11X XLR Dynamic Microphone | Studio-quality Audio Output | Cardioid Polar Pattern | Premium Metal Build | 2 Meter XLR cable | for Streaming, Gaming, Podcasting, Singing | 2 Yr Warranty",263,1,0.12%,0.02%,351,2,0.12%,0.03%,0.31%,0.00%,0,0,0.00%,0.00%,₹0.00,₹0.00,0,0
B0CBCB82MT,B0CBCB82MT,"Audio Array AM-C39 XLR to 3.5mm Condenser Microphone Kit | Tripod, 2M Cable & Foam Filter | Compatible with Audio Interface, Mixer | Recording, Podcast, Streaming, Home Studio (Black)",657,10,0.29%,0.24%,958,20,0.32%,0.34%,1.43%,0.00%,0,0,0.00%,0.00%,₹0.00,₹0.00,0,0
B0CC39ZJQP,B0CC39ZJQP,"PreSonus Eris Studio 4,4.5-Inch XLR High-Definition Professional Studio Monitor With Woven Composite Lf Driver Speaker,1"" Silk-Dome Hf Driver,Ebm Waveguide,And Acoustic Tuning Controls-Single(Black)",63,0,0.03%,0.00%,85,0,0.03%,0.00%,100.00%,0.00%,0,0,0.00%,0.00%,₹0.00,₹0.00,0,0
B0CC3TDH61,B0CC3TDH61,"PreSonus Eris Studio 5, 5.25-Inch High-Definition Professional Studio Monitor with Woven Composite LF Driver, XLR, 1"" Silk-Dome HF Driver, EBM Waveguide, and Acoustic Tuning Controls - Single (Black)",818,12,0.36%,0.28%,"1,075",17,0.36%,0.29%,21.57%,0.00%,0,0,0.00%,0.00%,₹0.00,₹0.00,0,0
B0CCV74CL7,B0CCV74CL7,"TONOR TC310+ RGB Condenser Mic with Boom Arm Quick Mute, RGB Lighting, Pop Filter, Shock Mount,Gaming USB Microphone Set for PC Gain Control for Streaming Podcasting Recording Discord Twitch YouTube",305,2,0.14%,0.05%,461,2,0.15%,0.03%,22.78%,0.00%,0,0,0.00%,0.00%,₹0.00,₹0.00,0,0
B0CDQ55W2M,B0CDQ55W2M,"nexlev Travel Neck Pillow | Orthopedic Premium Memory Foam | for Airplane, Car, Train, Office use & Cervical Pain | Machine Washable | 360 Support | Carry Pouch for Storage | NP-02",13,1,0.01%,0.02%,14,2,0.00%,0.03%,14.29%,0.00%,0,0,0.00%,0.00%,₹0.00,₹0.00,0,0
B0CDQ6G4TC,B0CDQ6G4TC,"nexlev Travel Neck Pillow | Orthopedic Premium Memory Foam | for Airplane, Car, Train, Office use & Cervical Pain | Machine Washable | 360 Support | Carry Pouch for Storage | NP-03",4,1,0.00%,0.02%,4,1,0.00%,0.02%,50.00%,100.00%,0,0,0.00%,0.00%,₹0.00,₹0.00,0,0
B0CF5R3V95,B0CF5R3V95,"Audio Array AA-19 2in1 High & Low Profile Mic Stand | 71cm reach | Premium Metal design with Built In Cable Management | Flexible Position adjustments | 2Kg Weight Capacity |5/8"" to 3/8"" Screw Adapter",579,20,0.26%,0.47%,776,27,0.26%,0.46%,0.14%,0.00%,0,0,0.00%,0.00%,₹0.00,₹0.00,0,0
B0CF5RRTDJ,B0CF5RRTDJ,"Audio Array AA-20 Microphone Arm Stand | 81cm Reach | Premium light weight & slick design | Flexible height & position adjustments | 1kg Weight Capacity | 5/8"" to 3/8"" Screw Adapter | Cable Ties",165,3,0.07%,0.07%,223,3,0.07%,0.05%,6.73%,0.00%,0,0,0.00%,0.00%,₹0.00,₹0.00,0,0
B0CF5TCQKL,B0CF5TCQKL,"Audio Array AA-21 Desktop Mount Speaker Stands | 15KG Capacity | Height, Tilt & Rotation Adjustable | Smart Cable Management | for Sound Editing, Gaming, Music Production | Black (Set of 2)",821,20,0.37%,0.47%,"1,148",22,0.38%,0.38%,0.10%,0.00%,0,0,0.00%,0.00%,₹0.00,₹0.00,0,0
B0CH4R1V6S,B0CH4R1V6S,"Audio Array AM-C3a Unidirectional Dynamic Handheld Karaoke Microphone | 20Hz - 20kHz Response | Karaoke Singing, Public Meetings, Studio Recording, Live Sound, Party (no Cable Included)",593,9,0.26%,0.21%,846,11,0.28%,0.19%,0.13%,0.00%,0,0,0.00%,0.00%,₹0.00,₹0.00,0,0
B0CH4VCD6R,B0CH4VCD6R,"Audio Array AC-6XL Mic Cable 6.35mm Jack Male to XLR 3PIN Female Cord Wire | Microphone/Guitar Cable | Black, 1pc Pack (6 Meter/19.6 Feet)",450,12,0.20%,0.28%,640,25,0.21%,0.43%,0.36%,0.00%,0,0,0.00%,0.00%,₹0.00,₹0.00,0,0
B0CH9JR3HL,B0CH9JR3HL,"TONOR Top Ring Light Kit, 10 Inch Ring Light with Heavy Duty Bracket Arm and Phone Holder for Video Recording, Live Streaming, Drawing, Nail Makeup",8,0,0.00%,0.00%,13,0,0.00%,0.00%,100.00%,0.00%,0,0,0.00%,0.00%,₹0.00,₹0.00,0,0
B0CJR76Y7G,B0CJR76Y7G,"Audio Array AA-25 Handheld Microphone Interview Adapter for Wireless Lapel Microphones | Supports, Rode Go, DJI, Hollyland mics etc | Foam Cover with Built-in Cold Shoe Mount",333,9,0.15%,0.21%,492,10,0.16%,0.17%,0.00%,0.00%,0,0,0.00%,0.00%,₹0.00,₹0.00,0,0
B0CM6NVLT9,B0CM6NVLT9,"Audio Array AI-11 USB Bluetooth Soundcard, 1Ch Mixer, Audio Interface | 2 Condenser In, 2 Out |2 Live Out+1 Accompany In | OTG for mobile and PC/MAC | Effects | Streaming, Podcasting, Gaming, Singing","1,341",29,0.60%,0.68%,"2,120",44,0.71%,0.75%,1.01%,0.00%,0,0,0.00%,0.00%,₹0.00,₹0.00,0,0
B0CM6WH4ZT,B0CM6WH4ZT,"Audio Array AI-12 USB Bluetooth Soundcard | 1Ch Mixer interface | 2 mic inputs, 2 smartphone & PC/Mac outputs | Karaoke Recording, Mobile/PC Streaming, Live Broadcasting | Singing, Recording,Gaming","1,148",16,0.51%,0.38%,"1,603",21,0.53%,0.36%,0.07%,0.00%,0,0,0.00%,0.00%,₹0.00,₹0.00,0,0
B0CM9KJZWQ,B0CM9KJZWQ,"Audio Array AM-C44 XLR/USB Professional Dynamic Podcast Microphone | Built-in Monitoring | One Touch Mute & Volume Control | 192kHz/24bit Full Metal Build | 2M XLR & USB Cable | Streaming, Podcasting",350,7,0.16%,0.16%,478,8,0.16%,0.14%,0.00%,0.00%,0,0,0.00%,0.00%,₹0.00,₹0.00,0,0
B0CM9L1QZG,B0CM9L1QZG,"Audio Array AM-W16 Solo Wireless Lapel Over Ear Mic|in-Built ANC,Plug N Play,LongBattery Life,Ultra-Low Latency,Upto 30M Range|Compatible with iPhone&Android|Vlogging,Streaming,Teaching,YouTube,Black",255,3,0.11%,0.07%,355,6,0.12%,0.10%,18.18%,0.00%,0,0,0.00%,0.00%,₹0.00,₹0.00,0,0
B0CM9P5CCK,B0CM9P5CCK,"Audio Array AM-W17 Dual Wireless Lapel Mic|in-Built ANC, Plug N Play,Long Battery Life, Ultra-Low Latency,Upto 30M Range|Compatible with iPhone & Android|Vlogging, Streaming, Teaching,YouTube, Black",201,4,0.09%,0.09%,298,5,0.10%,0.09%,3.90%,0.00%,0,0,0.00%,0.00%,₹0.00,₹0.00,0,0
B0CPFS24ML,B0CPFS24ML,"White Mulberry Gaming Desk, Computer Desk with Carbon Fiber Surface, Z Shaped Gaming Table, Computer Table, Workstation, Home Office Desk with Cup Holder and Headphone Holder | (117 * 67 * 71 CM)","3,848",118,1.71%,2.78%,"5,829",177,1.94%,3.03%,0.40%,0.00%,0,0,0.00%,0.00%,₹0.00,₹0.00,0,0
B0CX1XK5R6,B0CX1XK5R6,Audio Array AM-W46 Groove Wireless Bluetooth 5.3 Bookshelf Speaker 30W | 5400mAh upto 24h Long Battery | 3 EQ Modes | Stylish Premium Metal Body | Superior Bass Quality,0,0,0.00%,0.00%,0,0,0.00%,0.00%,0.00%,0.00%,0,0,0.00%,0.00%,₹0.00,₹0.00,0,0
B0CYSMBCB8,B0CYSMBCB8,NexLev Steam Cleaner | For Complete Home Kitchen Bathroom Window Car & Office Cleaning | 9 Accessories | 450 ML | Window Pane Sink Grime Chimney Grease Water Stain Cleaner| 4 Meter Cord | 1000W |SC-02,0,0,0.00%,0.00%,0,0,0.00%,0.00%,0.00%,0.00%,0,0,0.00%,0.00%,₹0.00,₹0.00,0,0
B0D2LD6BYJ,B0D2LD6BYJ,"NexLev 6-in-1 trimmer | Sensitive Bikini Trimmer for Women | Skin Safe with Rounded Tips & Foil Shaver| Hair Removal for Intimate Areas, Face, Arms, Legs & Body | 90 min Runtime |2H Quick Charge |T-02",116,1,0.05%,0.02%,151,1,0.05%,0.02%,10.53%,0.00%,0,0,0.00%,0.00%,₹0.00,₹0.00,0,0
B0D2LFMY48,B0D2LFMY48,"Nexlev Hair Styling Straightener & Curler| 2 in 1 Hair Styler| 200°C in 30 Seconds| Long Ceramic Floating Plates| Rounded Body for Curls| Plate Lock| Portable HS-01, Hair Straightener Tong - Black",153,0,0.07%,0.00%,164,0,0.05%,0.00%,0.00%,0.00%,0,0,0.00%,0.00%,₹0.00,₹0.00,0,0
B0D2LGR3GG,B0D2LGR3GG,"NexLev 6-in-1 trimmer | Sensitive Bikini Trimmer for Women | Skin Safe with Rounded Tips & Safety Guards| Hair Removal for Intimate Areas, Face, Arms, Legs & Body | 90 min Runtime | Type C | T-01",90,0,0.04%,0.00%,106,0,0.04%,0.00%,0.00%,0.00%,0,0,0.00%,0.00%,₹0.00,₹0.00,0,0
B0D2LJSQXZ,B0D2LJSQXZ,NexLev Steam Mop | Chemical Free Mopping | Floor Cleaning + Carpet Steaming | 4 Extra Mop Pads | 400 ML | 1300W | Floor Disinfectant | For All Floor Types | 4mtr long Cord | Wet & Dry Mopping | SM-01,937,17,0.42%,0.40%,"1,241",17,0.41%,0.29%,0.09%,0.00%,0,0,0.00%,0.00%,₹0.00,₹0.00,0,0
B0D3LK9RMZ,B0D3LK9RMZ,"Lewitt Connect 2 Dual USB-C 2-in/ 2-out Audio interface with DSP, Mobile In and Out, 2 Mic Preamps, 2 Headphones Outputs, Loopback for Recording, Streaming & Podcasting - Mac/PC/iOS/iPadOS/Android",267,8,0.12%,0.19%,341,11,0.11%,0.19%,69.38%,42.86%,0,0,0.00%,0.00%,₹0.00,₹0.00,0,0
B0D3LZWTHV,B0D3LZWTHV,"Audio Array AM-C45 XLR/USB Professional RGB Dynamic Podcast Microphone | Built-in Monitoring | One Touch Mute Volume & Noise-Cancellation | 2M USB Cable & Metal Base | Streaming, Podcasting, Singing",491,17,0.22%,0.40%,695,20,0.23%,0.34%,1.13%,0.00%,0,0,0.00%,0.00%,₹0.00,₹0.00,0,0
B0D3M86SH1,B0D3M86SH1,Audio Array AA-19BL RGB Low Profile Boomarm Stand with Riser | 71cm reach & 20 RGB lighting effects & Built-In Cable Management | Matte finish with Flexible adjustments | 2Kg Weight Capacity | Black,405,13,0.18%,0.31%,463,13,0.15%,0.22%,0.00%,0.00%,0,0,0.00%,0.00%,₹0.00,₹0.00,0,0
B0D3Q2T5XX,B0D3Q2T5XX,Audio Array AA-19WL RGB Low Profile Boomarm Stand with Riser | 71cm reach & 20 RGB lighting effects & Built-In Cable Management | Matte finish with Flexible adjustments | 2Kg Weight Capacity | White,251,9,0.11%,0.21%,282,10,0.09%,0.17%,1.96%,0.00%,0,0,0.00%,0.00%,₹0.00,₹0.00,0,0
B0D63FKYZ5,B0D63FKYZ5,NexLev Scalp Massager for Stress Relief | Head Massager for Hair Growth | 96 Tangle Free Silicone Kneading Nodes | Hand Like Massage | 120 Min Runtime | Type C | Washable Heads | 3 Modes | HM-01,58,0,0.03%,0.00%,69,0,0.02%,0.00%,0.00%,0.00%,0,0,0.00%,0.00%,₹0.00,₹0.00,0,0
B0D8445KJN,B0D8445KJN,"NexLev Lint Remover | For Woolen Sweaters Shirts Socks Jackets Suede Leggings | Pill, Rue & Burr Remover | 30 Min Use |Type C |Defuzzer | Lint Brush for Coat | 2 Modes | SS Blade | Safety Lock | LR-01",196,1,0.09%,0.02%,246,1,0.08%,0.02%,3.57%,0.00%,0,0,0.00%,0.00%,₹0.00,₹0.00,0,0
B0D86ZC9YT,B0D86ZC9YT,Nexlev Just Style Pro Hair Dryer |2100 W for Quick & Easy Blowdry | Double Heat Protection Technology | 3 Heat Settings & Cool Shot Function For Salon-Like Styling at Home (HD-01),127,2,0.06%,0.05%,145,4,0.05%,0.07%,0.00%,0.00%,0,0,0.00%,0.00%,₹0.00,₹0.00,0,0
B0D9KCNVNM,B0D9KCNVNM,Nexlev Oscillating Electric Toothbrush | 8000 vibrations/min | USB Type C Charging|3 modes| 2 Minute Timer |Quad Change Reminder| IPX7 Waterproof | For adults| 1 year warranty| |Sparkle Pro (ETR-06),76,2,0.03%,0.05%,100,2,0.03%,0.03%,4.65%,0.00%,0,0,0.00%,0.00%,₹0.00,₹0.00,0,0
B0D9KFQG8Q,B0D9KFQG8Q,"Nexlev Skin Scrubber |Red & Blue LED Therapy| Blackhead Remover| Pore Cleaner| Skin Lifting & tightening, wrinkle remover| 2 Silicone Cleaning Heads| Facial Cleansing|Type C Charging| Elixir Pro LE-03",213,5,0.09%,0.12%,229,7,0.08%,0.12%,0.44%,0.00%,0,0,0.00%,0.00%,₹0.00,₹0.00,0,0
B0DCK4DR1B,B0DCK4DR1B,Nexlev Skin Lift Device | 7 Color LED | Face & Neck Skin Lifting| 3 Massage Modes| Face Sculpting Tool |Micro-currents to reduce Wrinkles| Hot Compress | Rechargeable| Type-C| 180 Min Use| Glow+ LE-04,115,2,0.05%,0.05%,150,2,0.05%,0.03%,3.05%,0.00%,0,0,0.00%,0.00%,₹0.00,₹0.00,0,0
B0DCK7J87D,B0DCK7J87D,NexLev Cordless Spin Mop|50 Min Runtime|2 Extra Mop Pads | Type C | For Home Kitchen & Office Use | Water Spray Function|Self Propelling|Mopping for All Floor Types|LED for Corners and Underbed|SPM-01,94,3,0.04%,0.07%,138,5,0.05%,0.09%,100.00%,100.00%,0,0,0.00%,0.00%,₹0.00,₹0.00,0,0
B0DDC3GVZW,B0DDC3GVZW,nexlev Cordless Electric Car Vacuum Cleaner VacuSafe| Seat-Belt Cutter| Window Breaker Hammer| LED Torch|4000 mAh| High Power Suction | Copper Motor| Type-C Emergency Car Escape Tool| Portable| VC-03,85,3,0.04%,0.07%,101,3,0.03%,0.05%,1.98%,0.00%,0,0,0.00%,0.00%,₹0.00,₹0.00,0,0
B0DFCDKMWR,B0DFCDKMWR,NexLev Cordless Electric Heating Pad| Period Cramp & Back Pain Relief Massager | 9 modes| Menstrual Cramp Relief|Type C| Crampfree Periods | Portable | Gift for Women| Strap upto 40 Inch |Blue CM-01,"1,113",29,0.50%,0.68%,"1,500",50,0.50%,0.86%,0.15%,0.00%,0,0,0.00%,0.00%,₹0.00,₹0.00,0,0
B0DFM4JZV9,B0DFM4JZV9,"Nexlev Tyre Inflator for Car | Touch Control |150 PSI |12V DC| 4 Nozzles | Digital Tyre Pressure Gauge| Carry Bag | Suitable for Bike, Bicycle or Any Inflatable | Emergency LED Light | TI-01",28,1,0.01%,0.02%,34,1,0.01%,0.02%,0.00%,0.00%,0,0,0.00%,0.00%,₹0.00,₹0.00,0,0
B0DFMKY4TT,B0DFMKY4TT,"Audio Array AM-W35 UHF Dual Wireless Premium Karaoke Microphones | 800mah 5-6 Hours Battery Backup | Range up to 50M | Karaoke Singing, Wedding, DJ, Church | PA System, Amplifier, Mixer, Party Box",756,11,0.34%,0.26%,959,12,0.32%,0.21%,9.88%,0.00%,0,0,0.00%,0.00%,₹0.00,₹0.00,0,0
B0DFMLQBMC,B0DFMLQBMC,"Audio Array AM-W20 Magnetic Wireless Lapel Microphone Set | One Touch Smart Noise Reduction | 48KHz/24Bit Hi-fi Recording | 50M Range | 800mAh 48Hrs Long Battery Backup | Vlogging, Podcast, Streaming",27,0,0.01%,0.00%,34,0,0.01%,0.00%,78.13%,0.00%,0,0,0.00%,0.00%,₹0.00,₹0.00,0,0
B0DFMLS8JG,B0DFMLS8JG,"Audio Array AM-W32 UHF Dual Wireless Premium Metal Microphones | Built in Battery 2000mAh 6-8 Hours | Type-C Charging | 60M Range | Karaoke Singing, Wedding, Event | Built-in Volume and Echo Control",451,9,0.20%,0.21%,640,10,0.21%,0.17%,3.16%,0.00%,0,0,0.00%,0.00%,₹0.00,₹0.00,0,0
B0DFMMTWLY,B0DFMMTWLY,"Audio Array AM-W33 UHF Metal Solo Wireless Microphone Set | 2000mAh 6-8 Hours Battery Backup | Range up to 50M | Karaoke Singing, Wedding, DJ, Church | PA System, Amplifier, Mixer, Party Box",815,14,0.36%,0.33%,"1,135",14,0.38%,0.24%,2.27%,0.00%,0,0,0.00%,0.00%,₹0.00,₹0.00,0,0
B0DFMNGFTD,B0DFMNGFTD,"Audio Array AM-W36 UHF Dual Wireless Premium Metal Microphone with Charging | 2X XLR Outs & 1/4"" Mix Out | 328ft/100M Range | Karaoke Singing, Wedding, Events | PA System, Amplifier, Mixer, Party Box","1,382",31,0.61%,0.73%,"1,900",51,0.63%,0.87%,2.86%,0.00%,0,0,0.00%,0.00%,₹0.00,₹0.00,0,0
B0DFMQCGT1,B0DFMQCGT1,"Audio Array AM-W21 Wireless Microphone Kit | Built in Recording, Noise Reduction & Echo | Smartphones, Cameras, Laptops | Dual-Channel Recording, 200 feet Transmission Range, 48-Hour Battery Life",22,0,0.01%,0.00%,41,0,0.01%,0.00%,19.35%,0.00%,0,0,0.00%,0.00%,₹0.00,₹0.00,0,0
B0DFMRG2K4,B0DFMRG2K4,"NexLev All in One Body Trimmer for Men | Suitable for Beard, Body, Balls, Pubic Hair, Private Parts | 90 Min Runtime |Type C | IPX 7 Waterproof | No Nicks No Cuts | 2 Safety Combs| Extra Blade | TM-02",79,0,0.04%,0.00%,94,0,0.03%,0.00%,0.00%,0.00%,0,0,0.00%,0.00%,₹0.00,₹0.00,0,0
B0DJFH4K8B,B0DJFH4K8B,NexLev Cordless Tyre Inflator for Cars & Bikes|150 PSI| 2x2000 mAh Powerbank| Type-C Port| 5 Pre Set Mode|Auto Shut-Off |Digital Display| LED Light | Multiple Nozzles| AER Pro TIC-03,118,2,0.05%,0.05%,145,2,0.05%,0.03%,3.82%,0.00%,0,0,0.00%,0.00%,₹0.00,₹0.00,0,0
B0DJFH6RTL,B0DJFH6RTL,"NexLev Portable Tyre Inflator for Car, Bike, Cycle|150 PSI Pressure| 120 Watt Air Pump|12V Car Plug| Digital Display| Auto Shut-Off| Emergency LED Light| 3m Cord| 3 Air Nozzles| Compact| AER TI-02",45,1,0.02%,0.02%,53,1,0.02%,0.02%,0.00%,0.00%,0,0,0.00%,0.00%,₹0.00,₹0.00,0,0
B0DJFJZMC6,B0DJFJZMC6,"Nexlev Cordless & Corded Tyre Inflator|150 PSI| 6000 mAh Powerbank|LED Light | Type C Port |Digital Display| 5 Pre-Set Modes|Auto Shut-Off |Multiple Nozzles for Cars, Bikes, Cycle| AER Pro Max TIC-04",176,4,0.08%,0.09%,219,4,0.07%,0.07%,5.50%,0.00%,0,0,0.00%,0.00%,₹0.00,₹0.00,0,0
B0DK9NRBWJ,B0DK9NRBWJ,NexLev Intimate Trimmer for Men|Ceramic Blade|120 Min Runtime|Type C Charge | IPX7 Waterproof | 7000RPM Copper Motor| Cordless|LED Light| Travel Lock| Wet/Dry Groin & Body Shaver | Intimate Pro TM-03,22,0,0.01%,0.00%,32,0,0.01%,0.00%,17.86%,0.00%,0,0,0.00%,0.00%,₹0.00,₹0.00,0,0
B0DKJZDY72,B0DKJZDY72,nexlev Cordless Vacuum Cleaner & Blower |BLDC Copper Motor |HEPA with Stainless Steel Cover | for Home Office & Car Cleaning|4 Attachments | Blower for Dust & Inflatables | Portable & Compact | VC-04,96,0,0.04%,0.00%,115,0,0.04%,0.00%,5.88%,0.00%,0,0,0.00%,0.00%,₹0.00,₹0.00,0,0
B0DNJF1BLS,B0DNJF1BLS,nexlev Drip Coffee Maker |Filter Coffee for Home & Office | 4-6 Cups | Warming Plate|Borosilicate Carafe | Reusable & Washable Filter | Anti Drip | 750 ml | Cone Filter | Water Level Indicator |CF-01,130,4,0.06%,0.09%,167,7,0.06%,0.12%,1.37%,0.00%,0,0,0.00%,0.00%,₹0.00,₹0.00,0,0
B0DNJJKBKG,B0DNJJKBKG,NexLev Neck & Back Massager | Deep Tissue Shiatsu Roller | Cervical Pain Relief | 3 Speeds | 8 Kneading Nodes | Quick Pain Relief | Auto Shut Off | 1 year Warranty | BM-02,64,1,0.03%,0.02%,83,1,0.03%,0.02%,0.00%,0.00%,0,0,0.00%,0.00%,₹0.00,₹0.00,0,0
B0DNJP9T35,B0DNJP9T35,"NexLev Spin Scrubber|6 Scrubbing Heads| For Kitchen, Bathroom, Tub, Glass | Complete cleaning tool for Home, Office & Car| 90 min runtime | 2600 mAh | Cordless Type C | 2 Modes|Adjustable Handle|SS-02",309,7,0.14%,0.16%,413,9,0.14%,0.15%,11.92%,0.00%,0,0,0.00%,0.00%,₹0.00,₹0.00,0,0
B0DP2Z5DQ9,B0DP2Z5DQ9,"White Mulberry 10-Step Height Adjustable Single Screen Monitor Stand for 17-32 Inch Monitor, 8 kg Load, VESA 75x75/100x100, DIY Installation (Black)",147,5,0.07%,0.12%,221,5,0.07%,0.09%,28.19%,0.00%,0,0,0.00%,0.00%,₹0.00,₹0.00,0,0
B0DT6Y7KJM,B0DT6Y7KJM,"NexLev Ionic 4 in 1 Hot Air Brush + Straightener | 2 Step Styler Volumizer | Blow Dryer, Styler, Straightener & Waves | 360° Airflow | Tangle Free Bristle |Ceramic Tourmaline Coated Barrel | 1200W | V-02",125,1,0.06%,0.02%,157,1,0.05%,0.02%,11.03%,0.00%,0,0,0.00%,0.00%,₹0.00,₹0.00,0,0
B0DTK4FY1G,B0DTK4FY1G,"NexLev Spin Scrubber with Soap Spray | 6 heads| For Kitchen, Tub, Glass, Complete cleaning tool for Home, Office & Car| 90 min runtime | 4500 mAh | Cordless Type C | Adjustable Handle|SS-01, White",425,9,0.19%,0.21%,523,18,0.17%,0.31%,6.03%,12.50%,0,0,0.00%,0.00%,₹0.00,₹0.00,0,0
B0DV8XH455,B0DV8XH455,NexLev Shiatsu Neck Shoulder & Back Massager | 8 Kneading Nodes | 4 Modes | Deep Tissue Massage for Cervical Pain Relief | Adjustable & Hands free Design | Portable | Deep Tissue Relief | BM-03,14,0,0.01%,0.00%,16,0,0.01%,0.00%,100.00%,0.00%,0,0,0.00%,0.00%,₹0.00,₹0.00,0,0
B0DVC8NYY2,B0DVC8NYY2,"NexLev Cool Mist Humidifier | 2.2L| For Office, Indoor Plants, Baby Nursery | Quiet Operation | Works 30Hrs on Low Setting | 360° Nozzle | Auto Shut-Off | Adjustable Knob | Leak Proof | HU-02",261,3,0.12%,0.07%,374,3,0.12%,0.05%,0.00%,0.00%,0,0,0.00%,0.00%,₹0.00,₹0.00,0,0
B0DVC9PRSD,B0DVC9PRSD,NexLev Professional Air Purifier for 650 sq ft Area| 8500 Hrs Filter Life|True HEPA 13 Filter |Captures 99.99% Virus and PM 2.5 Particle|For Home & Office|Remote Control & WiFi |Sleep & Auto Mode|A6,"1,235",80,0.55%,1.88%,"1,777",138,0.59%,2.36%,0.00%,0.00%,0,0,0.00%,0.00%,₹0.00,₹0.00,0,0
B0DVCDD5VC,B0DVCDD5VC,"nexlev Travel Neck Pillow | Orthopedic Premium Memory Foam | for Airplane, Car, Train, Office use & Cervical Pain | Machine Washable | 360 Support | Carry Pouch for Storage | NP-07",5,0,0.00%,0.00%,5,0,0.00%,0.00%,0.00%,0.00%,0,0,0.00%,0.00%,₹0.00,₹0.00,0,0
B0F2HYY7JF,B0F2HYY7JF,"Audio Array AM-W21 Dual Wireless Lapel Microphones | TFT Card Recording, Noise Cancellation & Echo | Android, iOS, DSLR, Laptops | 360° Pickup, Plug n Play, 60M Working Range, 48-Hour Battery Life",56,1,0.02%,0.02%,77,1,0.03%,0.02%,7.35%,0.00%,0,0,0.00%,0.00%,₹0.00,₹0.00,0,0
B0F2J6TL8W,B0F2J6TL8W,MAONO WM820 A1 & WM820 A2 Wireless Microphone Variation,1,0,0.00%,0.00%,1,0,0.00%,0.00%,0.00%,0.00%,0,0,0.00%,0.00%,₹0.00,₹0.00,0,0
B0FH43M37N,B0FH43M37N,"Nektar Impact LX49 mk3 MIDI Keyboard Controller | 49 Key Velocity-Sensitive Keyboard with DAW Integration, Pads, Faders, Encoders, Scale & Chord Mode, NKS Support, Compatible with Mac/PC",368,7,0.16%,0.16%,476,13,0.16%,0.22%,5.66%,0.00%,0,0,0.00%,0.00%,₹0.00,₹0.00,0,0
B0FH475LZZ,B0FH475LZZ,"Nektar Impact LX61 mk3 MIDI Keyboard Controller | 61 Key Velocity-Sensitive Keyboard with DAW Integration, Pads, Faders, Encoders, Scale & Chord Mode, NKS Support, Compatible with Mac/PC",680,12,0.30%,0.28%,907,15,0.30%,0.26%,4.36%,8.33%,0,0,0.00%,0.00%,₹0.00,₹0.00,0,0
B0FJ1ZB4G9,B0FJ1ZB4G9,Nexlev Electric Toothbrush| 40000 vibrations/min|USB Type C| 5 Modes| 2 Min timer| 30 sec Quad Interval| 4 Replaceable Brush Heads With Cover| IPX7 Waterproof| For Adults| ETC-08 MidNight Blue,37,1,0.02%,0.02%,49,1,0.02%,0.02%,9.09%,0.00%,0,0,0.00%,0.00%,₹0.00,₹0.00,0,0
B0FJ8SFNRH,B0FJ8SFNRH,"NexLev Grand Electric Water Kettle | 1.8 L | 1500 Watts | Stainless Steel | For Home, Office | Auto Cut Off | For Boiling Water, making Tea & Coffee, Instant Noodles, Soup | Cool Touch Handle |KE-03",13,0,0.01%,0.00%,15,0,0.01%,0.00%,0.00%,0.00%,0,0,0.00%,0.00%,₹0.00,₹0.00,0,0
B0FN4FHH5Y,B0FN4FHH5Y,"White Mulberry Dual Screen POS Machine Stand for 17""-32"" Monitors(9kg) w/Card Reader, Printer & Barcode Scanner Holders| VESA 75x75/100x100 Compatible| Adjustable Tilt, Swivel & Rotation| Grommet Base",16,1,0.01%,0.02%,19,1,0.01%,0.02%,100.00%,100.00%,0,0,0.00%,0.00%,₹0.00,₹0.00,0,0
B0FN4HDBN5,B0FN4HDBN5,"White Mulberry Single Screen POS Machine Stand w/Keyboard Tray, Card Reader, Printer, Barcode Scanner Holder| Fits 17""-32"" Monitors (9kg), VESA 75x75/100x100| Height Adjustable Pole, Cable Management",16,0,0.01%,0.00%,20,0,0.01%,0.00%,100.00%,0.00%,0,0,0.00%,0.00%,₹0.00,₹0.00,0,0
B0FN4JG97R,B0FN4JG97R,"White Mulberry Single Screen Pole Mounted Heavy-Duty Mechanical Spring Monitor Arm for 17-40 Inch |2-22kgs| Flat & Curved Screens, Universal Desk Mount with Swivel, Tilt, Rotation",22,2,0.01%,0.05%,24,2,0.01%,0.03%,100.00%,100.00%,0,0,0.00%,0.00%,₹0.00,₹0.00,0,0
B0FPR7VFCH,B0FPR7VFCH,"Audio Array AM-W19 Wireless Lavalier Microphone|192kHz/24bit |AI Noise Cancellation for iPhone/Android, 32h Charging Case, Plug & Play for Vlogging, Streaming, Meetings, Video Recording",538,6,0.24%,0.14%,712,6,0.24%,0.10%,1.40%,0.00%,0,0,0.00%,0.00%,₹0.00,₹0.00,0,0
B0FRGDHX19,B0FRGDHX19,"Audio Array AC-6XL Mic Cable 6.35mm Jack Male to XLR 3PIN Female Cord Wire | Microphone/Guitar Cable | Black, 1pc Pack (6 Meter/19.6 Feet)",1,0,0.00%,0.00%,1,0,0.00%,0.00%,0.00%,0.00%,0,0,0.00%,0.00%,₹0.00,₹0.00,0,0
B0FSF1N457,B0FSF1N457,NexLev Mini Electric Chopper | 3D Stainless Steel Blade | Food Grade Bowl | for Mincing Garlic Ginger Onion Vegetable Meat Nuts | 250 ml | One Touch Operation | MC-01,761,17,0.34%,0.40%,971,20,0.32%,0.34%,9.07%,11.11%,0,0,0.00%,0.00%,₹0.00,₹0.00,0,0
B0FSWHRN6J,B0FSWHRN6J,Audio Array Professional Recording Studio (AI-04 & PB-01 & PB-03 & PB-04),1,0,0.00%,0.00%,1,0,0.00%,0.00%,0.00%,0.00%,0,0,0.00%,0.00%,₹0.00,₹0.00,0,0
B0FY62L381,B0FY62L381, ,14,1,0.01%,0.02%,17,1,0.01%,0.02%,0.00%,0.00%,0,0,0.00%,0.00%,₹0.00,₹0.00,0,0
B0G829DYZX,B0G829DYZX,"nexlev VC-01, VC-06 & Accessories Variation",1,0,0.00%,0.00%,1,0,0.00%,0.00%,0.00%,0.00%,0,0,0.00%,0.00%,₹0.00,₹0.00,0,0